type,name,module,path,hash
"csv","agent-manifest","_config","_config/agent-manifest.csv","7dab98d414a6c64a1e4ddd059a7e100baf025b5f5ccaadf5d943c73ad07553a6"
"csv","task-manifest","_config","_config/task-manifest.csv","1ef8d7a48d83e6f7c6da7f2169e28198f3abf08699f3f817258076fe0a2c2ee8"
"csv","workflow-manifest","_config","_config/workflow-manifest.csv","e18764eb11247d65dfb2bac59bfab13b1f5a7c4baa24cf34ddec6fe7cc3a5a3a"
"yaml","manifest","_config","_config/manifest.yaml","4985bd9b3e7bba23b86e2c545561825d98da6e3af581dc3f71417500fbc71351"
"md","documentation-standards","_memory","_memory/tech-writer-sidecar/documentation-standards.md","b046192ee42fcd1a3e9b2ae6911a0db38510323d072c8d75bad0594f943039e4"
"md","stories-told","_memory","_memory/storyteller-sidecar/stories-told.md","47ee9e599595f3d9daf96d47bcdacf55eeb69fbe5572f6b08a8f48c543bc62de"
"md","story-preferences","_memory","_memory/storyteller-sidecar/story-preferences.md","b70dbb5baf3603fdac12365ef24610685cba3b68a9bc41b07bbe455cbdcc0178"
"yaml","config","_memory","_memory/config.yaml","1a059c51be670a57587710667d33e5dbc664f5ddde3b30af7749e78712eace56"
"csv","common-workflow-tools","bmb","bmb/workflows/workflow/data/common-workflow-tools.csv","e59bc1d76db128ff04c53fab4b4f840f486f9804ed0d7fb7af1f62c15c2eb86a"
"csv","communication-presets","bmb","bmb/workflows/agent/data/communication-presets.csv","1297e9277f05254ee20c463e6071df3811dfb8fe5d1183ce07ce9b092cb3fd16"
"csv","module-help","bmb","bmb/module-help.csv","f25e9885efd06c5f7a51466c65f6016c77f5767e924a644508877bcb3575cb88"
"md","agent-architecture","bmb","bmb/workflows/agent/data/agent-architecture.md","4e7108717cb0da3e4b35680bcea350731f69497d60f09e8db036008eb16b8266"
"md","agent-architecture","bmb","bmb/workflows/module/data/agent-architecture.md","292bb887f2b6bfbe7536ae2a3d936c51bce8f55680298ccc5620ae38081017ca"
"md","agent-compilation","bmb","bmb/workflows/agent/data/agent-compilation.md","d0722de16e620caf44843fb5e02324fd1f6a1e325c4957bcf596b9652c95b15f"
"md","agent-menu-patterns","bmb","bmb/workflows/agent/data/agent-menu-patterns.md","df5298d5cccd946fc36cf79ee0a21f9680d878a50cb9de7eecc49a250d6922e2"
"md","agent-metadata","bmb","bmb/workflows/agent/data/agent-metadata.md","b49dab109782f56bb915744f67af36abdef810735665a13405ca327607b06e30"
"md","agent-plan.template","bmb","bmb/workflows/agent/templates/agent-plan.template.md","81e79756fb4c368c568ba05efcd276d1d52a111163827439733554f4d94e3094"
"md","agent-spec-template","bmb","bmb/workflows/module/data/agent-spec-template.md","ff68be471450daf91dc6d3c2d96ee2a8638acd7f26589abf4c328d8df7547677"
"md","agent-template","bmb","bmb/workflows/agent/templates/agent-template.md","bfaf5b7675d94279734fde32ea43a7f2383b045a027c74f426a3ea43b5f9baee"
"md","agent-validation","bmb","bmb/workflows/agent/data/agent-validation.md","df9aa540d62084b617200c312c751ee920b492afbc4aea3f54cebc4964f7b6ac"
"md","architect","bmb","bmb/workflows/agent/data/reference/module-examples/architect.md","fd9d3138eb02f9a2a770a90cad57a72827965deb9d5944a2fea22af03a95e0ab"
"md","architecture","bmb","bmb/workflows/workflow/data/architecture.md","94f6ff8b32bc819ca9f9f2f43c50562fd1ed25d82ffcb0e33795f7e36243626b"
"md","brainstorm-context","bmb","bmb/workflows/agent/data/brainstorm-context.md","f2685504ff1c781fc1829f9550d9c2f3f0fde4bc9f451515ce653abef0366b76"
"md","brief-template","bmb","bmb/workflows/module/templates/brief-template.md","9b3a5aab977cd189317321b92d512110fa13993a27447b25143fff14b24f6f84"
"md","critical-actions","bmb","bmb/workflows/agent/data/critical-actions.md","86dc92ca4fdd8ab8d1783da4c74ba03eb0ecbda105f4af9fe15decd70c871f4e"
"md","csv-data-file-standards","bmb","bmb/workflows/workflow/data/csv-data-file-standards.md","3efef22ebe70e0c89e34a5ab74cd51d89b56ac4404279e85bc5c1606e258ae79"
"md","e-01-load-existing","bmb","bmb/workflows/agent/steps-e/e-01-load-existing.md","e672dacda200987c944ac8aee8a8d4b25c30832eb52555ffb55235a98dacec19"
"md","e-02-discover-edits","bmb","bmb/workflows/agent/steps-e/e-02-discover-edits.md","8f902e4c5e0c9c54e764bbc4aadde79302bd069c6115f07ca3d8d3e756a26ef9"
"md","e-03-placeholder","bmb","bmb/workflows/agent/steps-e/e-03-placeholder.md","4076b77b471144f7bd58454a2652bed9a11a964bb249df95272b73590757a95e"
"md","e-04-sidecar-metadata","bmb","bmb/workflows/agent/steps-e/e-04-sidecar-metadata.md","170932df21c468495c1295da4122d2a730555ab8ef135a23884c5cd4b23463a8"
"md","e-05-persona","bmb","bmb/workflows/agent/steps-e/e-05-persona.md","93742cd56f05ff1eb25cb3357908e5e3d65c253f05260f6cf6680eea8e510a21"
"md","e-06-commands-menu","bmb","bmb/workflows/agent/steps-e/e-06-commands-menu.md","bcaaf0ed3a3ac1ee57393e4c5fc138ca971741019ccc8edc3fdec13bf755304c"
"md","e-07-activation","bmb","bmb/workflows/agent/steps-e/e-07-activation.md","287eade210793c82fa99f47871fa36666af2406d0b8710a05c061d8c4d11dbb1"
"md","e-08-edit-agent","bmb","bmb/workflows/agent/steps-e/e-08-edit-agent.md","1f7d857f21bbeb79fce3f2141c3627269c58a223afd90c301fec1d4087b083a4"
"md","e-09-celebrate","bmb","bmb/workflows/agent/steps-e/e-09-celebrate.md","20f273e2c55d5d38d49b2161bc3303a003126af61799e13a1f5e398d6578889f"
"md","frontmatter-standards","bmb","bmb/workflows/workflow/data/frontmatter-standards.md","95c756d4dd8eebca708bd03983b8c95374babbeedd9963a7dd89908be0bc0c7a"
"md","input-discovery-standards","bmb","bmb/workflows/workflow/data/input-discovery-standards.md","6e71ec3582a13d1836b12fcca40a50f2d8c30b4bb37f78f622c540054403cb7c"
"md","intent-vs-prescriptive-spectrum","bmb","bmb/workflows/workflow/data/intent-vs-prescriptive-spectrum.md","d5e10863d2ba52e0d0cfdc67cdfcb358bc1bbfa900c0a47ce1383cff81c14e46"
"md","menu-handling-standards","bmb","bmb/workflows/workflow/data/menu-handling-standards.md","f664abbedbb71e712486c2b03a5131b05b5f89ba6557d2c35f0b123512153673"
"md","minimal-output-template","bmb","bmb/workflows/workflow/templates/minimal-output-template.md","ff4c222f36c3589529eb3b1df80f914b64de76f74022332e555fbf2402bf2a7f"
"md","module-help-generate","bmb","bmb/workflows/module/module-help-generate.md","4c2099aacd4fc923ab7b2f4696e786d34cc2b55a0e86bd3ead757743a02a3e02"
"md","module-standards","bmb","bmb/workflows/module/data/module-standards.md","f3f008189dcb85978b1ca43ec7396d3e7587b2ec16d513297e568a9df980ad46"
"md","module-yaml-conventions","bmb","bmb/workflows/module/data/module-yaml-conventions.md","61b0f880aa99920f25d95b3ce333fa384f91d2eb2ed6d5179ba5b7524d9e625c"
"md","output-format-standards","bmb","bmb/workflows/workflow/data/output-format-standards.md","8975765f4cf43478685529d559ad95691a677c85ebd1af42088f02dd83d448a3"
"md","persona-properties","bmb","bmb/workflows/agent/data/persona-properties.md","d71a2a855d3f12f742d0b1ebcd6a1bb99550d1b22f56c3c5e038a53d13e6970d"
"md","principles-crafting","bmb","bmb/workflows/agent/data/principles-crafting.md","33e40c3aa10b27e7a33277b90c294dbcdc1df5b6c4115ebf3c18ff47943ce65f"
"md","step-00-conversion","bmb","bmb/workflows/workflow/steps-c/step-00-conversion.md","f1cff1e6117c249a845dcbe6361d89a356a2d9c41b1700c455dc4af667a84016"
"md","step-01-brainstorm","bmb","bmb/workflows/agent/steps-c/step-01-brainstorm.md","8b56200dc67a43d3eb2afff9d329aa3ed07beeeb362b00b3b521a4de1f9a2b34"
"md","step-01-discovery","bmb","bmb/workflows/workflow/steps-c/step-01-discovery.md","14bafd883635c3606ecf63c82ea126b5bdad86980eee334e157dae5de04811c2"
"md","step-01-init-continuable-template","bmb","bmb/workflows/workflow/templates/step-01-init-continuable-template.md","f211cf173c79b773a54612ad705e4fbbc0c936a5d4671a450602e8f73cab1183"
"md","step-01-load-brief","bmb","bmb/workflows/module/steps-c/step-01-load-brief.md","d11ae0c2fe17d2b8427ef5b96c06c2f870e6bf3a204f2eafebce8354f850bc90"
"md","step-01-load-target","bmb","bmb/workflows/module/steps-e/step-01-load-target.md","26aef55b965315443a35e6a0d55c9ce003c2bd9a0996bc209e638680a6969dd5"
"md","step-01-load-target","bmb","bmb/workflows/module/steps-v/step-01-load-target.md","27fba2bf4be60ce6d4d00b491deb3bf8ae2af9c078d97cb4629a14268a1b45e1"
"md","step-01-validate","bmb","bmb/workflows/workflow/steps-v/step-01-validate.md","7062165cc403137878ec484a8a70215288d2b611a8b2153f45f814d3d1a9d58a"
"md","step-01-validate-max-mode","bmb","bmb/workflows/workflow/steps-v/step-01-validate-max-mode.md","cf2de5888a6b3e025912769dc417d707391bb5885c973ed6359d16666540c313"
"md","step-01-welcome","bmb","bmb/workflows/module/steps-b/step-01-welcome.md","360f177df40eb103c3a39118fc0d0e38c4bbe5e042555dc22ec75f96888bedcd"
"md","step-01b-continuation","bmb","bmb/workflows/workflow/steps-c/step-01b-continuation.md","26b8ca474a892000d5b9f87bf9defc85af381fb3ae27b4b8aa8e2aafedebcd8d"
"md","step-01b-continue","bmb","bmb/workflows/module/steps-c/step-01b-continue.md","9909a6a213dea8e35f730713d947baf068e30d734e8209389b727baff1f339e6"
"md","step-01b-structure","bmb","bmb/workflows/workflow/steps-v/step-01b-structure.md","1a5c4344f777331ebf3f26f0f96b0d384ced6d3ad1e261041bd0942b328a62b4"
"md","step-02-classification","bmb","bmb/workflows/workflow/steps-c/step-02-classification.md","d31e2b451af0dcdd3d6c6695143200f0b40c3e8725ddf09849810f6984b76286"
"md","step-02-discovery","bmb","bmb/workflows/agent/steps-c/step-02-discovery.md","52aadeb5dab8d4c0b43bdfb68bf7b32ea03ead412826c20f5c0c1afcb9c87d42"
"md","step-02-file-structure","bmb","bmb/workflows/module/steps-v/step-02-file-structure.md","db23a0e73ed9e7885b6e629a7b631db142920857ba3a8e7db4c6de8339be0514"
"md","step-02-frontmatter-validation","bmb","bmb/workflows/workflow/steps-v/step-02-frontmatter-validation.md","86fede3dd8b992eeeeb962bd217dcb9d002aad2def3acbf0b8f3ea4f089bf1d4"
"md","step-02-select-edit","bmb","bmb/workflows/module/steps-e/step-02-select-edit.md","54c0825ec764e38481a4edb1524a2505dc5eff079a844ab4384eb6d264511680"
"md","step-02-spark","bmb","bmb/workflows/module/steps-b/step-02-spark.md","675a83d6c257439ac1c6a508358ff09f532075bcb4f97c1037f626324f431e34"
"md","step-02-structure","bmb","bmb/workflows/module/steps-c/step-02-structure.md","a92a42777e4aa90ae90f3a4cde49a4e46dc6d390d5f8b0e6c25cbd0749534626"
"md","step-02b-path-violations","bmb","bmb/workflows/workflow/steps-v/step-02b-path-violations.md","34da677fd6b3bcbc54ffa8fba8c690a21e0189000aa30331c586438ad397c977"
"md","step-03-apply-edit","bmb","bmb/workflows/module/steps-e/step-03-apply-edit.md","4cc07b6468e7e8ce8b941e5c74d132f5657caa58086586cc80eebd223a4114fd"
"md","step-03-config","bmb","bmb/workflows/module/steps-c/step-03-config.md","ca89836174c4b76051d43457aa0217295d5bf4eb2800c03ed2d29832d09cd369"
"md","step-03-menu-validation","bmb","bmb/workflows/workflow/steps-v/step-03-menu-validation.md","b484b7e112339facc41edee5631a513c89f4f5d90c2303e9457deb96ce3287af"
"md","step-03-module-type","bmb","bmb/workflows/module/steps-b/step-03-module-type.md","0e41528e462d831ff005fdadce5a38351ebc6e95e272b79a43615c322e884e09"
"md","step-03-module-yaml","bmb","bmb/workflows/module/steps-v/step-03-module-yaml.md","3a69cb73ae898484401c3ffbd203fb3ab74d5678933ae460d2bcc2786e876493"
"md","step-03-requirements","bmb","bmb/workflows/workflow/steps-c/step-03-requirements.md","4954b42e344ce6f728fc3dc8df3ad5eeac0ce6d73fb08c8ff09d762e9364fd71"
"md","step-03-sidecar-metadata","bmb","bmb/workflows/agent/steps-c/step-03-sidecar-metadata.md","ecd17fb960120f8709d0b1f95c265a6275a4672db9b02458cf9df7b6d2a6681e"
"md","step-04-agent-specs","bmb","bmb/workflows/module/steps-v/step-04-agent-specs.md","a8d5eac1f5e8693c370bdb774c926a45cf5afde8d94e6996862664cdee444849"
"md","step-04-agents","bmb","bmb/workflows/module/steps-c/step-04-agents.md","22b913e38f32f9bf388f43290a17726318986d559b42b188f26bf97a20e651d3"
"md","step-04-persona","bmb","bmb/workflows/agent/steps-c/step-04-persona.md","cd8b5845b987eeff0cdf16a913e2de439e32e927a1b4f977fee238e56c02d9a4"
"md","step-04-review","bmb","bmb/workflows/module/steps-e/step-04-review.md","9b86a5d09668674accd03cb47cd6c437c2117ee23562bb2bcea8ddc6979eefeb"
"md","step-04-step-type-validation","bmb","bmb/workflows/workflow/steps-v/step-04-step-type-validation.md","3a923bcad87fc74036fdefa8f42d360b8d02b678f9077aedd18654e94d966f7a"
"md","step-04-tools","bmb","bmb/workflows/workflow/steps-c/step-04-tools.md","623adb4ca3a6e47a27e78ebc55ea45b89866ca60e04aa05f9907f6bdf8a9f57c"
"md","step-04-vision","bmb","bmb/workflows/module/steps-b/step-04-vision.md","cac4ca0fe32092801503f906fdfa868e65ba0490877daeb23a274571135ecddc"
"md","step-05-commands-menu","bmb","bmb/workflows/agent/steps-c/step-05-commands-menu.md","daf554f3cedfcb26381bec533b00cfbb73cc688dcaa72167eba852cead8fa861"
"md","step-05-confirm","bmb","bmb/workflows/module/steps-e/step-05-confirm.md","1abeb25cd94e0396642e0ffd4d68d1b21350c51f2eee86bf403fb6f406a22408"
"md","step-05-identity","bmb","bmb/workflows/module/steps-b/step-05-identity.md","c81aa920cf83f04a51585675b2b09d756d7c5bb9e851ccea66e25d76aeaf3cff"
"md","step-05-output-format-validation","bmb","bmb/workflows/workflow/steps-v/step-05-output-format-validation.md","824a0bea33d14e5694f6b58504eb655af26ccd3d1001a40179861146038d77e6"
"md","step-05-plan-review","bmb","bmb/workflows/workflow/steps-c/step-05-plan-review.md","852bb996af5ccdb7df158106ba7c98698b21f667b5fd1c3256c1929839b73e38"
"md","step-05-workflow-specs","bmb","bmb/workflows/module/steps-v/step-05-workflow-specs.md","870c35fdc1e486b67fc21876964c28db1286e6e63acf83ec35f27ec274d8e868"
"md","step-05-workflows","bmb","bmb/workflows/module/steps-c/step-05-workflows.md","f924f8d79fc3dfc85170b321dd08b414cbb09eadaaf4f07e55fe3b9b60049026"
"md","step-06-activation","bmb","bmb/workflows/agent/steps-c/step-06-activation.md","cd892bde609db408cdd73ef503eb9aede24ec575e161ab43b40f84001cd6c182"
"md","step-06-design","bmb","bmb/workflows/workflow/steps-c/step-06-design.md","9873ef3c4ac9f9dc68e552e626a7c20091eba1c9d19f1fa76b2ba0738d0bc082"
"md","step-06-docs","bmb","bmb/workflows/module/steps-c/step-06-docs.md","5d05cf19d95dfc3f40d1051612a4a97e8e0fb161e6892cc886df5b1bcbef8888"
"md","step-06-documentation","bmb","bmb/workflows/module/steps-v/step-06-documentation.md","8b747c69aeda2222c980c0341fceaa7596e819420eead2e1cee634b17ddb4803"
"md","step-06-users","bmb","bmb/workflows/module/steps-b/step-06-users.md","9e96d114253f41272cb022879db49487e35c81d21163b4358a3f287d8714aa60"
"md","step-06-validation-design-check","bmb","bmb/workflows/workflow/steps-v/step-06-validation-design-check.md","8eb78dc10848d8e33a6c84fee38210fef8e4431aa25c318d596d25d69f9755f5"
"md","step-07-build-agent","bmb","bmb/workflows/agent/steps-c/step-07-build-agent.md","2211519285b1fa8b3f8c6407d9f15121473b15ca273ad174377351312c10f4c9"
"md","step-07-complete","bmb","bmb/workflows/module/steps-c/step-07-complete.md","af457b4579d6e8396b7ade272b04453df3422ca7a1db6bdc0e77097b6ad5804b"
"md","step-07-foundation","bmb","bmb/workflows/workflow/steps-c/step-07-foundation.md","da4a6efc428c003dc9576c243111e2b29843608adb864105d5e130cae18498eb"
"md","step-07-installation","bmb","bmb/workflows/module/steps-v/step-07-installation.md","06966e9496de39e7a6204c61c14a35dd0298af1485226b9f8eaac06e4a816633"
"md","step-07-instruction-style-check","bmb","bmb/workflows/workflow/steps-v/step-07-instruction-style-check.md","b9ce0212ea49b3dfdb7204f9cfa5c59b25f4e314d2ab9cc27a95c1f432faa2f9"
"md","step-07-value","bmb","bmb/workflows/module/steps-b/step-07-value.md","8a1fadb590730bbcb33454974ffad289d6f61a93c1d317ee883f60311c003f2e"
"md","step-08-agents","bmb","bmb/workflows/module/steps-b/step-08-agents.md","891f06eb89c9bbf687286252a4dda6cb19b0cc0b084f4b919aab5d7518fa9c77"
"md","step-08-build-step-01","bmb","bmb/workflows/workflow/steps-c/step-08-build-step-01.md","cbdea1291bd9f2fe5d112ceb61caa05a81b00566997e4c5f7fc6d32ec4666267"
"md","step-08-celebrate","bmb","bmb/workflows/agent/steps-c/step-08-celebrate.md","540fc2dc69aa402ffd7222ff37379100497e188ebec42616240b8c2b7d4ac493"
"md","step-08-collaborative-experience-check","bmb","bmb/workflows/workflow/steps-v/step-08-collaborative-experience-check.md","5cffb645b0175b823f9607530625d1903920532f95e0d92b71fb233043dc4f4e"
"md","step-08-report","bmb","bmb/workflows/module/steps-v/step-08-report.md","8e1d295dc29b6dab5fe0ec81f51b614cb8a62b849fe10895093685b3164fe2bd"
"md","step-08b-subprocess-optimization","bmb","bmb/workflows/workflow/steps-v/step-08b-subprocess-optimization.md","1934aa38ebabab0ddf2777cacddd96f37554dcda8f80812b87564a4b64925c36"
"md","step-09-build-next-step","bmb","bmb/workflows/workflow/steps-c/step-09-build-next-step.md","e814302a0713f910baadf6eda45696cd0ef632c4db38e32864f876fb2468cb38"
"md","step-09-cohesive-review","bmb","bmb/workflows/workflow/steps-v/step-09-cohesive-review.md","77e00f46ae55bb95ebeacc6380871befb2f60844f547b260eca08e77cb1e8618"
"md","step-09-workflows","bmb","bmb/workflows/module/steps-b/step-09-workflows.md","ce099465badf171f4451ebc6064de306e85807875f747bf5f4e3542ec93961e8"
"md","step-10-confirmation","bmb","bmb/workflows/workflow/steps-c/step-10-confirmation.md","17826ad707f57f19061cb227dc8234b2338175e9ef52a5ba4acde9c3be5f7ab6"
"md","step-10-report-complete","bmb","bmb/workflows/workflow/steps-v/step-10-report-complete.md","901274400fa20398593f392b2ec17da88045b09c6f36f29e71e0d4219d86acf0"
"md","step-10-tools","bmb","bmb/workflows/module/steps-b/step-10-tools.md","c66a53c8b35261e511663ada1adfc62486a7d8183a51f348e28ee74fb5cdb8bf"
"md","step-11-completion","bmb","bmb/workflows/workflow/steps-c/step-11-completion.md","fa84481cdadc7405628c44b18e231b5ced89dcf1105cc5ec7b0d57c3b085f193"
"md","step-11-plan-validation","bmb","bmb/workflows/workflow/steps-v/step-11-plan-validation.md","33421d9536fee94228d57adceddff16fe3ef2fb39e97402db855b449c74e1908"
"md","step-11-scenarios","bmb","bmb/workflows/module/steps-b/step-11-scenarios.md","27115e07abbee27dc44ddd519586a1f00e3069c1fda7998e726ca966d0774c9b"
"md","step-12-creative","bmb","bmb/workflows/module/steps-b/step-12-creative.md","f573cda16421dbf02433efcbc36f044a836badccbe2d112de0e72a60f9627043"
"md","step-13-review","bmb","bmb/workflows/module/steps-b/step-13-review.md","7fbe0bfad983bee2be1a658e9d761ec814b81609dcd297e6ef5cce52221f68ce"
"md","step-14-finalize","bmb","bmb/workflows/module/steps-b/step-14-finalize.md","6ec52af56a4158156c900efa3438b3e6c66d9483ef5406943a47308a91512f4a"
"md","step-1b-template","bmb","bmb/workflows/workflow/templates/step-1b-template.md","1728f01e00cad05b727d292dd9f163c3d94e70cff3243c67f958aa412bffc5aa"
"md","step-e-01-assess-workflow","bmb","bmb/workflows/workflow/steps-e/step-e-01-assess-workflow.md","d35285d365240ef997b47c262715326293a47835f84d71cbe20f8084ef62ad67"
"md","step-e-02-discover-edits","bmb","bmb/workflows/workflow/steps-e/step-e-02-discover-edits.md","7066e66d5c16b5c853d60bb53a0ff9396236d0af3a7ebecbab2cdfbc329f4c84"
"md","step-e-03-fix-validation","bmb","bmb/workflows/workflow/steps-e/step-e-03-fix-validation.md","c62da8d8a497865d163774ef99c961d0b465b8863684dd6ab4e2b9dee76acf49"
"md","step-e-04-direct-edit","bmb","bmb/workflows/workflow/steps-e/step-e-04-direct-edit.md","9d5e13c0cc503c17d0977f1667d00b82b4191d875a269e04f6fb956c5cc0f27a"
"md","step-e-05-apply-edit","bmb","bmb/workflows/workflow/steps-e/step-e-05-apply-edit.md","c8e2613800416342214bc402433a4163afb26cd7561a9cac31e3e6bfe2a254aa"
"md","step-e-06-validate-after","bmb","bmb/workflows/workflow/steps-e/step-e-06-validate-after.md","130794b7a744775691256fe6b849e94a9764b8c22d775c9dce423c311145622f"
"md","step-e-07-complete","bmb","bmb/workflows/workflow/steps-e/step-e-07-complete.md","3c3b50718bcfc29a4db981bcf2c6cb4ff81598fc0ebe2f50ef36e4d0f7301c0f"
"md","step-file-rules","bmb","bmb/workflows/workflow/data/step-file-rules.md","bfc096df223992a8568e2e1a7b03bb3cb5fab26154c73782d2e94edd6fdaa4fd"
"md","step-template","bmb","bmb/workflows/workflow/templates/step-template.md","2bc3e860d0b59397c651137a020d0218982031df3eddd22f1bbc9bc0c3797ce1"
"md","step-type-patterns","bmb","bmb/workflows/workflow/data/step-type-patterns.md","5bf33d70160ae8b8914c4de64c8bb0bad6e2788883f613539711819c3cd8fc2b"
"md","subprocess-optimization-patterns","bmb","bmb/workflows/workflow/data/subprocess-optimization-patterns.md","7ab53a8001bbe9e81c76173dc7fc5cc53a7fb864d8ff69626b6e6cfeadfdc7e6"
"md","trimodal-workflow-structure","bmb","bmb/workflows/workflow/data/trimodal-workflow-structure.md","7908071a7e6962f9db23890b7f832b095064ca91eec2642273dbf7d62f0e4f27"
"md","understanding-agent-types","bmb","bmb/workflows/agent/data/understanding-agent-types.md","dc8255165a5d4409cb49462838f03321e03862857440c4f3f3822bb7d05d0002"
"md","v-01-load-review","bmb","bmb/workflows/agent/steps-v/v-01-load-review.md","eb6bbf20785bdca98336f6b8bfc893df6775551b13c01d67661d6e0577a7155e"
"md","v-02a-validate-metadata","bmb","bmb/workflows/agent/steps-v/v-02a-validate-metadata.md","3669dcb0235e35bd843454e2cc04ddaca8f9517c7617d79419196190044a0652"
"md","v-02b-validate-persona","bmb","bmb/workflows/agent/steps-v/v-02b-validate-persona.md","144ef430d5f1dc5af3a8a51c9c2b83cdd95ef5aefe0d406f7b20064c97ada4ba"
"md","v-02c-validate-menu","bmb","bmb/workflows/agent/steps-v/v-02c-validate-menu.md","4e8b2158dbce6d7ff3e7208da688bd74521926fbdec72933fce52f4301c112e5"
"md","v-02d-validate-structure","bmb","bmb/workflows/agent/steps-v/v-02d-validate-structure.md","e47d9af9855a276d5c7b93cdfd3ae25c8a6f9f28b3f3422284e867c79b05c433"
"md","v-02e-validate-sidecar","bmb","bmb/workflows/agent/steps-v/v-02e-validate-sidecar.md","51c675b7ab4ff44e52d147117002ae3497a97a47bf9fdf9da8edb659889bb38e"
"md","v-03-summary","bmb","bmb/workflows/agent/steps-v/v-03-summary.md","6167d149c018ef818508595b04c47ecd9e3c08569751932d71d3f9ac0550b34b"
"md","workflow-chaining-standards","bmb","bmb/workflows/workflow/data/workflow-chaining-standards.md","358099d64396ee13c6525969ee4d9ee29f4ad8adc0077ed67c3376764a15f9ce"
"md","workflow-create-agent","bmb","bmb/workflows/agent/workflow-create-agent.md","78d5216906af8725c6db58a7841af2bc0a9a616bcaf702bdaac552b9d83e335c"
"md","workflow-create-module","bmb","bmb/workflows/module/workflow-create-module.md","b30332d5ba94b8291e0bffd4ecf2376ee9d48453665ac120e8da2d7117e62945"
"md","workflow-create-module-brief","bmb","bmb/workflows/module/workflow-create-module-brief.md","dd6048358b4984308657a815a30838e04d71c0f2f0f50e7b4e8364bd7213c3f3"
"md","workflow-create-workflow","bmb","bmb/workflows/workflow/workflow-create-workflow.md","f6a8e93c9aa10e60c7971f75c53f0424cdff075fdde9f989138baa20337384ce"
"md","workflow-edit-agent","bmb","bmb/workflows/agent/workflow-edit-agent.md","5acab6518e762014be75268526e6a5582e23fb156f8986b4efb65e7289e73c93"
"md","workflow-edit-module","bmb","bmb/workflows/module/workflow-edit-module.md","673df9ccd0f761798cd883ba0ed8bbad4b8551d8635c75a1554f6038e7dede35"
"md","workflow-edit-workflow","bmb","bmb/workflows/workflow/workflow-edit-workflow.md","54755d0adbc8250ab153c3078b173770efdf1759d2f79d63b61a99990fe2d8e1"
"md","workflow-examples","bmb","bmb/workflows/workflow/data/workflow-examples.md","e48cbf37b50cfe15bde688266dba0e23591d531f232bdca8094fd421d37752c3"
"md","workflow-rework-workflow","bmb","bmb/workflows/workflow/workflow-rework-workflow.md","647354f6647188ba4c58917a98de9c1051a12c5d8b9dc6ecbabe2eda00ba4f0b"
"md","workflow-spec-template","bmb","bmb/workflows/module/templates/workflow-spec-template.md","5a3a958180e2ef0803b14237d8e225f632476fc7a144ba2aa7e9866c1a30eddd"
"md","workflow-template","bmb","bmb/workflows/workflow/templates/workflow-template.md","69b5725f58a76297f151ffc4cb1629fb7b33829e5e1f365f4cf0004d48b5082c"
"md","workflow-type-criteria","bmb","bmb/workflows/workflow/data/workflow-type-criteria.md","14b10793d4c01605c6f509b27e97cceb8c0c4f2c3cddc28404b844c04c4413d2"
"md","workflow-validate-agent","bmb","bmb/workflows/agent/workflow-validate-agent.md","b58223afbf53fdbc52b5a85ea23bd65498e44d3b6b7e2268e3b3ad8eaced34d5"
"md","workflow-validate-max-parallel-workflow","bmb","bmb/workflows/workflow/workflow-validate-max-parallel-workflow.md","3706b9ea43ee7308d227b2f18e3196626f545df552c134056773bf431f43a7b4"
"md","workflow-validate-module","bmb","bmb/workflows/module/workflow-validate-module.md","78b71d8a816067898e9a92596f3d2f66d4f36dad2ef7fc076894077532715fe4"
"md","workflow-validate-workflow","bmb","bmb/workflows/workflow/workflow-validate-workflow.md","40f34df97c9b2e23be656f3233cea7c5ff14def514a4d7735cd623f0887276d4"
"yaml","config","bmb","bmb/config.yaml","fc8390c411381ebe2b6933837a2384144df3e365eb8905be8535feeafb5910b7"
"csv","default-party","bmm","bmm/teams/default-party.csv","5af107a5b9e9092aeb81bd8c8b9bbe7003afb7bc500e64d56da7cc27ae0c4a6e"
"csv","documentation-requirements","bmm","bmm/workflows/document-project/documentation-requirements.csv","d1253b99e88250f2130516b56027ed706e643bfec3d99316727a4c6ec65c6c1d"
"csv","domain-complexity","bmm","bmm/workflows/2-plan-workflows/create-prd/data/domain-complexity.csv","f775f09fb4dc1b9214ca22db4a3994ce53343d976d7f6e5384949835db6d2770"
"csv","domain-complexity","bmm","bmm/workflows/3-solutioning/create-architecture/data/domain-complexity.csv","3dc34ed39f1fc79a51f7b8fc92087edb7cd85c4393a891d220f2e8dd5a101c70"
"csv","module-help","bmm","bmm/module-help.csv","f33b06127908f62ec65645e973392350904af703f90a7361f7f960474a9b7e0a"
"csv","project-types","bmm","bmm/workflows/2-plan-workflows/create-prd/data/project-types.csv","7a01d336e940fb7a59ff450064fd1194cdedda316370d939264a0a0adcc0aca3"
"csv","project-types","bmm","bmm/workflows/3-solutioning/create-architecture/data/project-types.csv","12343635a2f11343edb1d46906981d6f5e12b9cad2f612e13b09460b5e5106e7"
"json","project-scan-report-schema","bmm","bmm/workflows/document-project/templates/project-scan-report-schema.json","8466965321f1db22f5013869636199f67e0113706283c285a7ffbbf5efeea321"
"md","architecture-decision-template","bmm","bmm/workflows/3-solutioning/create-architecture/architecture-decision-template.md","5d9adf90c28df61031079280fd2e49998ec3b44fb3757c6a202cda353e172e9f"
"md","checklist","bmm","bmm/workflows/4-implementation/code-review/checklist.md","e30d2890ba5c50777bbe04071f754e975a1d7ec168501f321a79169c4201dd28"
"md","checklist","bmm","bmm/workflows/4-implementation/correct-course/checklist.md","24a3f3e0108398d490dcfbe8669afc50226673cad494f16a668b515ab24bf709"
"md","checklist","bmm","bmm/workflows/4-implementation/create-story/checklist.md","0d26d8426331fd35b84ac2cb640f698c0b58d92ae40c658bdba78941b99b8aad"
"md","checklist","bmm","bmm/workflows/4-implementation/dev-story/checklist.md","630b68c6824a8785003a65553c1f335222b17be93b1bd80524c23b38bde1d8af"
"md","checklist","bmm","bmm/workflows/4-implementation/sprint-planning/checklist.md","80b10aedcf88ab1641b8e5f99c9a400c8fd9014f13ca65befc5c83992e367dd7"
"md","checklist","bmm","bmm/workflows/document-project/checklist.md","581b0b034c25de17ac3678db2dbafedaeb113de37ddf15a4df6584cf2324a7d7"
"md","checklist","bmm","bmm/workflows/qa-generate-e2e-tests/checklist.md","83cd779c6527ff34184dc86f9eebfc0a8a921aee694f063208aee78f80a8fb12"
"md","deep-dive-instructions","bmm","bmm/workflows/document-project/workflows/deep-dive-instructions.md","48b947d438c29a44bfda2ec3c05efcc987397055dc143a49d44c9d4174b7ac09"
"md","deep-dive-template","bmm","bmm/workflows/document-project/templates/deep-dive-template.md","6198aa731d87d6a318b5b8d180fc29b9aa53ff0966e02391c17333818e94ffe9"
"md","epics-template","bmm","bmm/workflows/3-solutioning/create-epics-and-stories/templates/epics-template.md","b8ec5562b2a77efd80c40eba0421bbaab931681552e5a0ff01cd93902c447ff7"
"md","full-scan-instructions","bmm","bmm/workflows/document-project/workflows/full-scan-instructions.md","419912da2b9ea5642c5eff1805f07b8dc29138c23fba0d1092da75506e5e29fb"
"md","index-template","bmm","bmm/workflows/document-project/templates/index-template.md","42c8a14f53088e4fda82f26a3fe41dc8a89d4bcb7a9659dd696136378b64ee90"
"md","instructions","bmm","bmm/workflows/4-implementation/correct-course/instructions.md","9e239bb0653ef06846b03458c4d341fe5b82b173344c0a65cf226b989ac91313"
"md","instructions","bmm","bmm/workflows/4-implementation/retrospective/instructions.md","8dbd18308a8bafc462759934125725222e09c48de2e9af3cde73789867293def"
"md","instructions","bmm","bmm/workflows/4-implementation/sprint-planning/instructions.md","888312e225ce1944c21a98fbf49c4f118967b3676b23919906bdeda1132a2833"
"md","instructions","bmm","bmm/workflows/4-implementation/sprint-status/instructions.md","d4b7107ddbe33fb5dfc68a626c55585837743c39d171c73052cd93532c35c11d"
"md","instructions","bmm","bmm/workflows/document-project/instructions.md","57762fb89b42df577da1188bc881cf3a8d75a1bcc60bce9e1ab2b8bcfdf29a66"
"md","instructions","bmm","bmm/workflows/qa-generate-e2e-tests/instructions.md","3f3505f847f943b2f4a0699017c16e15fa3782f51090a0332304d7248e020e0c"
"md","prd-purpose","bmm","bmm/workflows/2-plan-workflows/create-prd/data/prd-purpose.md","49c4641b91504bb14e3887029b70beacaff83a2de200ced4f8cb11c1356ecaee"
"md","prd-template","bmm","bmm/workflows/2-plan-workflows/create-prd/templates/prd-template.md","7ccccab9c06a626b7a228783b0b9b6e4172e9ec0b10d47bbfab56958c898f837"
"md","product-brief.template","bmm","bmm/workflows/1-analysis/create-product-brief/product-brief.template.md","ae0f58b14455efd75a0d97ba68596a3f0b58f350cd1a0ee5b1af69540f949781"
"md","project-context-template","bmm","bmm/data/project-context-template.md","facd60b71649247146700b1dc7d709fa0ae09487f7cf2b5ff8f5ce1b3a8427e8"
"md","project-context-template","bmm","bmm/workflows/generate-project-context/project-context-template.md","54e351394ceceb0ac4b5b8135bb6295cf2c37f739c7fd11bb895ca16d79824a5"
"md","project-overview-template","bmm","bmm/workflows/document-project/templates/project-overview-template.md","a7c7325b75a5a678dca391b9b69b1e3409cfbe6da95e70443ed3ace164e287b2"
"md","readiness-report-template","bmm","bmm/workflows/3-solutioning/check-implementation-readiness/templates/readiness-report-template.md","0da97ab1e38818e642f36dc0ef24d2dae69fc6e0be59924dc2dbf44329738ff6"
"md","research.template","bmm","bmm/workflows/1-analysis/research/research.template.md","507bb6729476246b1ca2fca4693986d286a33af5529b6cd5cb1b0bb5ea9926ce"
"md","source-tree-template","bmm","bmm/workflows/document-project/templates/source-tree-template.md","109bc335ebb22f932b37c24cdc777a351264191825444a4d147c9b82a1e2ad7a"
"md","step-01-discover","bmm","bmm/workflows/generate-project-context/steps/step-01-discover.md","4fa1d13ec3c6db8560b6b1316b822ec2163a58b114b44e9aff733b171ef50ebe"
"md","step-01-document-discovery","bmm","bmm/workflows/3-solutioning/check-implementation-readiness/steps/step-01-document-discovery.md","9204972d801c28a76433230942c81bacc171e6b6951d3226cea9e7ca5c9310f1"
"md","step-01-init","bmm","bmm/workflows/1-analysis/create-product-brief/steps/step-01-init.md","1d8a0a692c78b01535fad65b18c178a566ffa4c62d5b920c7cadea23ceb9697a"
"md","step-01-init","bmm","bmm/workflows/1-analysis/research/domain-steps/step-01-init.md","b21ec2af60870caba5447183424b720e98d1b9232526d26b8d7b11e9f165c52c"
"md","step-01-init","bmm","bmm/workflows/1-analysis/research/market-steps/step-01-init.md","b2b030bc59dfe516e67f19d66f9c6d44d745343ccf2d726d4106290704aecdbd"
"md","step-01-init","bmm","bmm/workflows/1-analysis/research/technical-steps/step-01-init.md","aa809f6b4f152940792f7b4d95f424aaf8c9ebd7628f553486d1bd55b68f9567"
"md","step-01-init","bmm","bmm/workflows/2-plan-workflows/create-prd/steps-c/step-01-init.md","6ad502fa5bf5639eaf6a42e8f0bc0f2b811e0a3fd2ae3a24ed3333365f99e23c"
"md","step-01-init","bmm","bmm/workflows/2-plan-workflows/create-ux-design/steps/step-01-init.md","e76defb842ed5478ec16b35d6566f5ab7ecd8118b92b240a40ab9a7a1e7d3d0b"
"md","step-01-init","bmm","bmm/workflows/3-solutioning/create-architecture/steps/step-01-init.md","b270fd38b2144acb87e07c7496929ddd096717fc6f141736c2e9d1f574458314"
"md","step-01-mode-detection","bmm","bmm/workflows/bmad-quick-flow/quick-dev/steps/step-01-mode-detection.md","4c3843e94643e8231adf460554d39551b0dcbd21ea875c20e55373f91d91381f"
"md","step-01-understand","bmm","bmm/workflows/bmad-quick-flow/quick-spec/steps/step-01-understand.md","24c2d3d3703a9330994a7008a93327702f9551453b0d373476ee83e15d10a514"
"md","step-01-validate-prerequisites","bmm","bmm/workflows/3-solutioning/create-epics-and-stories/steps/step-01-validate-prerequisites.md","5ba8ba972e8376339ed2c9b75e4f98125521af0270bb5dff6e47ec73137e01de"
"md","step-01b-continue","bmm","bmm/workflows/1-analysis/create-product-brief/steps/step-01b-continue.md","c32490fda5f5a3d5c278baad8e9f4bd793e03429a5bf42c31719e0d90c9a3973"
"md","step-01b-continue","bmm","bmm/workflows/2-plan-workflows/create-prd/steps-c/step-01b-continue.md","5afc3f34f6089a03e9c9a88f13cb41617a7ef163db15c2b39b31ab6908bfa7d6"
"md","step-01b-continue","bmm","bmm/workflows/2-plan-workflows/create-ux-design/steps/step-01b-continue.md","07703fb9ddacf143e7f9cd21e69edc7cf087052d1dc5841674c122d18bb3b956"
"md","step-01b-continue","bmm","bmm/workflows/3-solutioning/create-architecture/steps/step-01b-continue.md","438f14332117c74e5d12f7630690ada4eae4fdcd04e4f47dc689915fe757f101"
"md","step-02-context","bmm","bmm/workflows/3-solutioning/create-architecture/steps/step-02-context.md","647fe1b6acc7f8cc8520bdb83654163db52328b6556c740880f42f119c9e1dcf"
"md","step-02-context-gathering","bmm","bmm/workflows/bmad-quick-flow/quick-dev/steps/step-02-context-gathering.md","1c4df806dea12554aae0240e5baf5c1cffa5948d0998c8e2c4a93df40d7c42ef"
"md","step-02-customer-behavior","bmm","bmm/workflows/1-analysis/research/market-steps/step-02-customer-behavior.md","93d20ddbd5506bc1d604c3ce56b42185bfe6f34402c45760e4cb7bec627f52e9"
"md","step-02-design-epics","bmm","bmm/workflows/3-solutioning/create-epics-and-stories/steps/step-02-design-epics.md","2c18d76a9b73eae8b9f552cd4252f8208a0c017624ddbaf6bcbe7b28ddfa217e"
"md","step-02-discovery","bmm","bmm/workflows/2-plan-workflows/create-prd/steps-c/step-02-discovery.md","4bd36411c2fa6d49057ff88d31bb70584dc572f3dd37a875ef6ce8c800d6ad71"
"md","step-02-discovery","bmm","bmm/workflows/2-plan-workflows/create-ux-design/steps/step-02-discovery.md","e24f22831bc612991a8b173dd2dbb1c887823041a9d83228f79c3fe06de680ba"
"md","step-02-domain-analysis","bmm","bmm/workflows/1-analysis/research/domain-steps/step-02-domain-analysis.md","9c4eabbed87b6bfc4636c98e96e551f69af7ef78a92b3f99ac6faa90a921c4c5"
"md","step-02-generate","bmm","bmm/workflows/generate-project-context/steps/step-02-generate.md","f881e84c685a356e54c57e8d26efbaaa91df3c1cdc1945b32ffd3c8fbbee6983"
"md","step-02-investigate","bmm","bmm/workflows/bmad-quick-flow/quick-spec/steps/step-02-investigate.md","bacc264e95c273d17c7f9ffcf820b5924bab48e04824da69f125aadb86d70273"
"md","step-02-prd-analysis","bmm","bmm/workflows/3-solutioning/check-implementation-readiness/steps/step-02-prd-analysis.md","f8c4f293c0a040fa9f73829ffeabfa073d0a8ade583adaefb26431ec83a76398"
"md","step-02-technical-overview","bmm","bmm/workflows/1-analysis/research/technical-steps/step-02-technical-overview.md","a8b8c49649087e8d5afa278840bfe3ed2e8203c820dbe7878ac7571956d940e0"
"md","step-02-vision","bmm","bmm/workflows/1-analysis/create-product-brief/steps/step-02-vision.md","4eb2d30f3b05c725490d8d298ab1ccdf638019c0b0e39996fdcdbf1fda5b7933"
"md","step-02b-vision","bmm","bmm/workflows/2-plan-workflows/create-prd/steps-c/step-02b-vision.md","04b8122cdb9438fdbfb5480934bdbd288f41cab9ed2aa362c910e362a29027a4"
"md","step-02c-executive-summary","bmm","bmm/workflows/2-plan-workflows/create-prd/steps-c/step-02c-executive-summary.md","52ee677ed43cc034945bb0761c8162d9070087550ef4b9070d3cf6abba74ea0e"
"md","step-03-competitive-landscape","bmm","bmm/workflows/1-analysis/research/domain-steps/step-03-competitive-landscape.md","93b8fb9b174cc8dca87bd18dafda7a6ee23727874e7eb86106fd40d7daeb6fb0"
"md","step-03-complete","bmm","bmm/workflows/generate-project-context/steps/step-03-complete.md","cf8d1d1904aeddaddb043c3c365d026cd238891cd702c2b78bae032a8e08ae17"
"md","step-03-core-experience","bmm","bmm/workflows/2-plan-workflows/create-ux-design/steps/step-03-core-experience.md","d44b618b75d60e3fc26b1f5ed1f5f92613194579914e522fbd09d40ab3a3e1f3"
"md","step-03-create-stories","bmm","bmm/workflows/3-solutioning/create-epics-and-stories/steps/step-03-create-stories.md","e6deb22291f05a96e56f5cb3ab88eca3bb6df564208edd8fcc693d4c27139f29"
"md","step-03-customer-pain-points","bmm","bmm/workflows/1-analysis/research/market-steps/step-03-customer-pain-points.md","4a224fb63d2814a1e2df9b82e42cb2573dc7ffacdf4e61a14a4763c433431a16"
"md","step-03-epic-coverage-validation","bmm","bmm/workflows/3-solutioning/check-implementation-readiness/steps/step-03-epic-coverage-validation.md","f425bcac163b9ea63a004039ff65fffea3499d9e01a2821bb11e0e17e6b6fc52"
"md","step-03-execute","bmm","bmm/workflows/bmad-quick-flow/quick-dev/steps/step-03-execute.md","852fe6239e0322081d5208be4737bad0c15ab08f0c8b93fbddb94491b9931a01"
"md","step-03-generate","bmm","bmm/workflows/bmad-quick-flow/quick-spec/steps/step-03-generate.md","19f5d60629298536f98f1ed1025002836e02a49a30aebed0ed300a40f64f5dd6"
"md","step-03-integration-patterns","bmm","bmm/workflows/1-analysis/research/technical-steps/step-03-integration-patterns.md","bb034b20b8c325c1948aa1c7350f0b7e68601a08ec72eb09884e4dae5d94554d"
"md","step-03-starter","bmm","bmm/workflows/3-solutioning/create-architecture/steps/step-03-starter.md","ad3ed7961446fe69249d46158df290d1aa8846ef490da1f93b5edf4ac80f23d1"
"md","step-03-success","bmm","bmm/workflows/2-plan-workflows/create-prd/steps-c/step-03-success.md","188c00f792f3dc6ef4f0f366743b810796dcbc79404327a5aa52da14cc41da70"
"md","step-03-users","bmm","bmm/workflows/1-analysis/create-product-brief/steps/step-03-users.md","1a73be748142bc05a468610f3c824442c794f6d81fc159cebf2497b2c3d3d2af"
"md","step-04-architectural-patterns","bmm","bmm/workflows/1-analysis/research/technical-steps/step-04-architectural-patterns.md","81e4e6f5c6048379ea45d0d4288a7247ff46855653ec6fccf5bbef0e78778ca9"
"md","step-04-customer-decisions","bmm","bmm/workflows/1-analysis/research/market-steps/step-04-customer-decisions.md","8a0c46828854693a7de16e148c3c9eb08b42409a2676b9a44b3cdffe06a577b3"
"md","step-04-decisions","bmm","bmm/workflows/3-solutioning/create-architecture/steps/step-04-decisions.md","d8cfd42f2fc9ef52337673c6f57d9cb3fc21e06ba4459ec7e6f68d68c4362649"
"md","step-04-emotional-response","bmm","bmm/workflows/2-plan-workflows/create-ux-design/steps/step-04-emotional-response.md","003e18f5f89e672d5b34aa95b31d10865ec3a1a32117f03c2402258d7c18f618"
"md","step-04-final-validation","bmm","bmm/workflows/3-solutioning/create-epics-and-stories/steps/step-04-final-validation.md","d1ce315d9045ae7f9cbc9df29f9c5c95f9617f56936b0ab7a36ced5bc96856e7"
"md","step-04-journeys","bmm","bmm/workflows/2-plan-workflows/create-prd/steps-c/step-04-journeys.md","3367b54b32865c6c764ce9872db06195551c16aab9f7d57d16e0e8f0f6415aae"
"md","step-04-metrics","bmm","bmm/workflows/1-analysis/create-product-brief/steps/step-04-metrics.md","52eaa6538732505db392527db1179e2a5cc95bcb9721de0f6edca4f48af0d9d1"
"md","step-04-regulatory-focus","bmm","bmm/workflows/1-analysis/research/domain-steps/step-04-regulatory-focus.md","179a82a4fdc32274a2ad3ce501b1b54ca1925b7ce9bcaad35503a9dd080e866a"
"md","step-04-review","bmm","bmm/workflows/bmad-quick-flow/quick-spec/steps/step-04-review.md","aa246ba5793f3a1c6dd434b388b41ccfb9e675bb55664a900a4eb2486e2a40e3"
"md","step-04-self-check","bmm","bmm/workflows/bmad-quick-flow/quick-dev/steps/step-04-self-check.md","0dde0d5c75c3884d6b4d3380263721ad63e02c3d438a100cba3d5da4957c271b"
"md","step-04-ux-alignment","bmm","bmm/workflows/3-solutioning/check-implementation-readiness/steps/step-04-ux-alignment.md","d2e15adf2aecc2c72f9bb9051e94042fc522fd7cfb16376f41bdcdd294319703"
"md","step-05-adversarial-review","bmm","bmm/workflows/bmad-quick-flow/quick-dev/steps/step-05-adversarial-review.md","57adb9395ed45b870bdbc1cad1aaeb065cd3bd7a4a6b0f94b193cb02926495eb"
"md","step-05-competitive-analysis","bmm","bmm/workflows/1-analysis/research/market-steps/step-05-competitive-analysis.md","ff6f606a80ffaf09aa325e38a4ceb321b97019e6542241b2ed4e8eb38b35efa8"
"md","step-05-domain","bmm","bmm/workflows/2-plan-workflows/create-prd/steps-c/step-05-domain.md","65db86b8bd1f9a899a3cb0e8a3d52aeeb2cd8d8c57196479f6353bd3ae0f4da6"
"md","step-05-epic-quality-review","bmm","bmm/workflows/3-solutioning/check-implementation-readiness/steps/step-05-epic-quality-review.md","e7fd60676d6ade485de77ce2dd4229811912594cb924d6c15bae5d9bdf105a7d"
"md","step-05-implementation-research","bmm","bmm/workflows/1-analysis/research/technical-steps/step-05-implementation-research.md","438a235bcb2dbbacb4c38d440b1636a208d4cbe8b5d109cb850cbdfb564b9071"
"md","step-05-inspiration","bmm","bmm/workflows/2-plan-workflows/create-ux-design/steps/step-05-inspiration.md","dadb7b2199dea4765cfd6cdeb7472937356cd558003e6562cec7c1b954a2cda9"
"md","step-05-patterns","bmm","bmm/workflows/3-solutioning/create-architecture/steps/step-05-patterns.md","6d64951770c748386274c9e12faec8aedded72031160140fc3380c976fbe0b7c"
"md","step-05-scope","bmm","bmm/workflows/1-analysis/create-product-brief/steps/step-05-scope.md","1a2a0698f8e044b6ce2e5efc9ed42f86dc52fa350315abff10f1dbd272dbcd95"
"md","step-05-technical-trends","bmm","bmm/workflows/1-analysis/research/domain-steps/step-05-technical-trends.md","210ef479757881d418db392ac38442d4df9033dedab7bdf8965503a83430ab55"
"md","step-06-complete","bmm","bmm/workflows/1-analysis/create-product-brief/steps/step-06-complete.md","ff7c1a20baa0d3773fd8c074b27491b2fcfbf08d0840751f33f857e9eb32b29e"
"md","step-06-design-system","bmm","bmm/workflows/2-plan-workflows/create-ux-design/steps/step-06-design-system.md","2cf18704a2e46ebd344ddc5197e9a2584d5735997e51a79aa9a18f6356c0620a"
"md","step-06-final-assessment","bmm","bmm/workflows/3-solutioning/check-implementation-readiness/steps/step-06-final-assessment.md","b2dbf24e1fa987f092c5e219099b4749c969ef6e909e0f507ced9ab44490ccde"
"md","step-06-innovation","bmm","bmm/workflows/2-plan-workflows/create-prd/steps-c/step-06-innovation.md","67bd616f34f56bcd01d68f9254ca234bf7b5f7d4dae21c562078010b87d47207"
"md","step-06-research-completion","bmm","bmm/workflows/1-analysis/research/market-steps/step-06-research-completion.md","ddc239b81dc76148b5b41741b3ca0d6d4a1f781e1db5e50d2c6b4222dd64eda9"
"md","step-06-research-synthesis","bmm","bmm/workflows/1-analysis/research/domain-steps/step-06-research-synthesis.md","ae7ea9eec7f763073e4e1ec7ef0dd247a2c9c8f8172c84cbcb0590986c67caa2"
"md","step-06-research-synthesis","bmm","bmm/workflows/1-analysis/research/technical-steps/step-06-research-synthesis.md","01d94ed48e86317754d1dafb328d57bd1ce8832c1f443bfd62413bbd07dcf3a1"
"md","step-06-resolve-findings","bmm","bmm/workflows/bmad-quick-flow/quick-dev/steps/step-06-resolve-findings.md","e657af6e3687e15852c860f018b73aa263bdcf6b9d544771a8c0c715581a2c99"
"md","step-06-structure","bmm","bmm/workflows/3-solutioning/create-architecture/steps/step-06-structure.md","efeb67ef10fab2050fe0a4845c868dc6ae036c98302daca22824436ea05b09e3"
"md","step-07-defining-experience","bmm","bmm/workflows/2-plan-workflows/create-ux-design/steps/step-07-defining-experience.md","d76323e59961efede2f4cb32c6837190fe4b218cf63d21f7a956f1acf92203c8"
"md","step-07-project-type","bmm","bmm/workflows/2-plan-workflows/create-prd/steps-c/step-07-project-type.md","2c2aae55e93bf31b3882cc6c24336cfc3cb1a753b96aa62121fff024e1d28fc0"
"md","step-07-validation","bmm","bmm/workflows/3-solutioning/create-architecture/steps/step-07-validation.md","a01726c23d82ca08915b1236b27a20fce6e35bf6ea858647579af405fbba88df"
"md","step-08-complete","bmm","bmm/workflows/3-solutioning/create-architecture/steps/step-08-complete.md","74844f0361750650b771cf64b4f824c2b47b9996b30072099c1cff1e6efe8789"
"md","step-08-scoping","bmm","bmm/workflows/2-plan-workflows/create-prd/steps-c/step-08-scoping.md","c6fd282a7ce026b4e50264032fe6489e99b14a1ac1b6db519e17ed82d9675ab3"
"md","step-08-visual-foundation","bmm","bmm/workflows/2-plan-workflows/create-ux-design/steps/step-08-visual-foundation.md","6e4546a98e0fc92c2afd6c55d278a71133c598dfd02bd6fc8498d06084a075e2"
"md","step-09-design-directions","bmm","bmm/workflows/2-plan-workflows/create-ux-design/steps/step-09-design-directions.md","cf00ac2918ee4f255bfbd9eb0a326f23edc705018a8ea0e40c8f1e0a70e0a554"
"md","step-09-functional","bmm","bmm/workflows/2-plan-workflows/create-prd/steps-c/step-09-functional.md","20e671f3f4731d9cd9aadd6bc4f88adff01859604fed44ede88c231b4afdc279"
"md","step-10-nonfunctional","bmm","bmm/workflows/2-plan-workflows/create-prd/steps-c/step-10-nonfunctional.md","1f0ede8c828a8b213bb8954e4c42aed7b1c42921264eb6a5c132f563a5cc9e07"
"md","step-10-user-journeys","bmm","bmm/workflows/2-plan-workflows/create-ux-design/steps/step-10-user-journeys.md","ae69afbc497dfd9a4d1197182d67090151f21463994fee1c404bf5ad1cd12331"
"md","step-11-component-strategy","bmm","bmm/workflows/2-plan-workflows/create-ux-design/steps/step-11-component-strategy.md","4c40ceb394d6595c192942a5b2d8622f2cbbcd7a3cf1b96156c61769b94b2816"
"md","step-11-polish","bmm","bmm/workflows/2-plan-workflows/create-prd/steps-c/step-11-polish.md","69b2b889f348cf53cb5f1f34021d74be4a68ff6aeed7b659b1db04a1cc52b62c"
"md","step-12-complete","bmm","bmm/workflows/2-plan-workflows/create-prd/steps-c/step-12-complete.md","7ef315f148a1611bb454a5e57163bc529b0502f64a8b0018acca6d0ba60e49d8"
"md","step-12-ux-patterns","bmm","bmm/workflows/2-plan-workflows/create-ux-design/steps/step-12-ux-patterns.md","220721526de1bc0d1b8efcdd15e33526e4dccfd7e2968d0518b0501d50e8d818"
"md","step-13-responsive-accessibility","bmm","bmm/workflows/2-plan-workflows/create-ux-design/steps/step-13-responsive-accessibility.md","70ce19ef0c3ccef894c43e7c206b70a572995267f6b280402270fc37a9bff5d6"
"md","step-14-complete","bmm","bmm/workflows/2-plan-workflows/create-ux-design/steps/step-14-complete.md","0869e6b5d4f4fcbe6cd1df0c7c0b4bb7a2817c7c0dd6a5f88062332ab2e1752b"
"md","step-e-01-discovery","bmm","bmm/workflows/2-plan-workflows/create-prd/steps-e/step-e-01-discovery.md","2bc88c9480ac5986c06672533ab2080b1ee01086033c8e441a8c80551c8a99ee"
"md","step-e-01b-legacy-conversion","bmm","bmm/workflows/2-plan-workflows/create-prd/steps-e/step-e-01b-legacy-conversion.md","e6bbe9020e6986a620fc0299a48e6c31c9d1ec14691df11be71baeb79837bc92"
"md","step-e-02-review","bmm","bmm/workflows/2-plan-workflows/create-prd/steps-e/step-e-02-review.md","b2660d88a445dc3f8f168f96ca92d4a1a36949e3b39fbf6cda5c77129636d9b1"
"md","step-e-03-edit","bmm","bmm/workflows/2-plan-workflows/create-prd/steps-e/step-e-03-edit.md","dfcc3e4f0b1ec050d4985af04dc02b28174a995e95327ca01ae4b8cac10cc1e5"
"md","step-e-04-complete","bmm","bmm/workflows/2-plan-workflows/create-prd/steps-e/step-e-04-complete.md","a1100f8639120311cbaf5a5a880db4e137216bc4bd0110b0926004107a99d3c3"
"md","step-v-01-discovery","bmm","bmm/workflows/2-plan-workflows/create-prd/steps-v/step-v-01-discovery.md","bd3353377451ab6ebffdb94895c4e089fb2e5dce4ecb33c5b69f42f71022ea1f"
"md","step-v-02-format-detection","bmm","bmm/workflows/2-plan-workflows/create-prd/steps-v/step-v-02-format-detection.md","251ea5a1cf7779db2dc39d5d8317976a27f84b421359c1974ae96c0943094341"
"md","step-v-02b-parity-check","bmm","bmm/workflows/2-plan-workflows/create-prd/steps-v/step-v-02b-parity-check.md","3481beae212bb0140c105d0ae87bb9714859c93a471048048512fd1278da2fcd"
"md","step-v-03-density-validation","bmm","bmm/workflows/2-plan-workflows/create-prd/steps-v/step-v-03-density-validation.md","5b95ecd032fb65f86b7eee7ce7c30c997dc2a8b5e4846d88c2853538591a9e40"
"md","step-v-04-brief-coverage-validation","bmm","bmm/workflows/2-plan-workflows/create-prd/steps-v/step-v-04-brief-coverage-validation.md","97eb248c7d67e6e5121dd0b020409583998fba433799ea4c5c8cb40c7ff9c7c1"
"md","step-v-05-measurability-validation","bmm","bmm/workflows/2-plan-workflows/create-prd/steps-v/step-v-05-measurability-validation.md","2f331ee6d4f174dec0e4b434bf7691bfcf3a13c6ee0c47a65989badaa6b6a28c"
"md","step-v-06-traceability-validation","bmm","bmm/workflows/2-plan-workflows/create-prd/steps-v/step-v-06-traceability-validation.md","970ea67486211a611a701e1490ab7e8f2f98060a9f78760b6ebfdb9f37743c74"
"md","step-v-07-implementation-leakage-validation","bmm","bmm/workflows/2-plan-workflows/create-prd/steps-v/step-v-07-implementation-leakage-validation.md","f75d1d808fdf3d61b15bea55418b82df747f45902b6b22fe541e83b4ea3fa465"
"md","step-v-08-domain-compliance-validation","bmm","bmm/workflows/2-plan-workflows/create-prd/steps-v/step-v-08-domain-compliance-validation.md","a1902baaf4eaaf946e5c2c2101a1ac46f8ee4397e599218b8dc030cd00c97512"
"md","step-v-09-project-type-validation","bmm","bmm/workflows/2-plan-workflows/create-prd/steps-v/step-v-09-project-type-validation.md","d53e95264625335184284d3f9d0fc6e7674f67bdf97e19362fc33df4bea7f096"
"md","step-v-10-smart-validation","bmm","bmm/workflows/2-plan-workflows/create-prd/steps-v/step-v-10-smart-validation.md","22d48a72bc599f45bbf8c3e81d651d3a1265a6450866c0689bf287f43d7874a4"
"md","step-v-11-holistic-quality-validation","bmm","bmm/workflows/2-plan-workflows/create-prd/steps-v/step-v-11-holistic-quality-validation.md","1022a1454aadff28e39fd5fa71dd76d8eefccfe438b9ef517a19b44d935c0f5b"
"md","step-v-12-completeness-validation","bmm","bmm/workflows/2-plan-workflows/create-prd/steps-v/step-v-12-completeness-validation.md","c966933a0ca3753db75591325cef4d4bdaf9639a1a63f9438758d32f7e1a1dda"
"md","step-v-13-report-complete","bmm","bmm/workflows/2-plan-workflows/create-prd/steps-v/step-v-13-report-complete.md","5bc59c257927becf116b0ee5eddbcc29d3b36ee05bf6c9de826fdacb45cf5dad"
"md","tech-spec-template","bmm","bmm/workflows/bmad-quick-flow/quick-spec/tech-spec-template.md","6e0ac4991508fec75d33bbe36197e1576d7b2a1ea7ceba656d616e7d7dadcf03"
"md","template","bmm","bmm/workflows/4-implementation/create-story/template.md","29ba697368d77e88e88d0e7ac78caf7a78785a7dcfc291082aa96a62948afb67"
"md","ux-design-template","bmm","bmm/workflows/2-plan-workflows/create-ux-design/ux-design-template.md","ffa4b89376cd9db6faab682710b7ce755990b1197a8b3e16b17748656d1fca6a"
"md","workflow","bmm","bmm/workflows/1-analysis/create-product-brief/workflow.md","3b0efaebdc6440dc75c6a24c17cbbf8dfb9583bf089f64408a4acf1674d483ad"
"md","workflow","bmm","bmm/workflows/2-plan-workflows/create-ux-design/workflow.md","21298564b342294f62339eda1b81aad392fca43e10e48f924a69cc3414dfb32d"
"md","workflow","bmm","bmm/workflows/3-solutioning/check-implementation-readiness/workflow.md","15ccd00030fa9cf406d50d6a2bd43a8966f1112a1d6fbc5be410c39f3f546a26"
"md","workflow","bmm","bmm/workflows/3-solutioning/create-architecture/workflow.md","4c1463096de99ed9130e73161744240a246bd08f6e6b72d1f2a2e606ac910394"
"md","workflow","bmm","bmm/workflows/3-solutioning/create-epics-and-stories/workflow.md","0e25a2680563be198875936db9c80c40f483b1e199050a89aef20ccb2a5b7377"
"md","workflow","bmm","bmm/workflows/bmad-quick-flow/quick-dev/workflow.md","a757fd8baaf6b1279aa7b115612bb13ddaaac659aa73c581701585f7d7f1ddad"
"md","workflow","bmm","bmm/workflows/bmad-quick-flow/quick-spec/workflow.md","2a8ddcedb8952e9ee72109ce5f24c19463fe78cc9805d0bd6b69006d10a6649a"
"md","workflow","bmm","bmm/workflows/generate-project-context/workflow.md","cd5be4cd8e119c652680fd9c28add994be40c48e1fca1a78b31d10eb99a7a740"
"md","workflow-create-prd","bmm","bmm/workflows/2-plan-workflows/create-prd/workflow-create-prd.md","b4d7376adfa8a2ec5fd62da51d9b19d7da16411dcd43a81224652e784dd6646c"
"md","workflow-domain-research","bmm","bmm/workflows/1-analysis/research/workflow-domain-research.md","6f09e3bcbf6f156b9fb9477dfaf3c076f030fde3a39d8317bb2cf6316718658f"
"md","workflow-edit-prd","bmm","bmm/workflows/2-plan-workflows/create-prd/workflow-edit-prd.md","c1786ba087f0f3b2b819a58309cb0742b8a56eb94271fe870579561a721c7936"
"md","workflow-market-research","bmm","bmm/workflows/1-analysis/research/workflow-market-research.md","ad12c80e4848bee2cb20818af7970efee508abcc98b026c2f873d7fa6b5ad2a5"
"md","workflow-technical-research","bmm","bmm/workflows/1-analysis/research/workflow-technical-research.md","1b88ee75dbf6b45910d37885ebbfe7f7a6cf78215a2da9bc86067cb7a9ce4e94"
"md","workflow-validate-prd","bmm","bmm/workflows/2-plan-workflows/create-prd/workflow-validate-prd.md","fe170fe82e944eddd0fc25bf6554b5f38663907afa28e093d1c8140039c63af4"
"xml","instructions","bmm","bmm/workflows/4-implementation/code-review/instructions.xml","1a6f0ae7d69a5c27b09de3efab2b205a007b466976acdeeaebf7f3abec7feb68"
"xml","instructions","bmm","bmm/workflows/4-implementation/create-story/instructions.xml","d4edc80bd7ccc0f7a844ecb575016b79380e255a236d1182f5f7312a104f0e3a"
"xml","instructions","bmm","bmm/workflows/4-implementation/dev-story/instructions.xml","b177c039072ad5e8a54374e6a17a2074dd608fd4da047bef528e362919a0fde8"
"yaml","config","bmm","bmm/config.yaml","049d9dec01f5b5c209218d8b571528af27291f4a49c42e717d0c8d82ff58fc85"
"yaml","deep-dive","bmm","bmm/workflows/document-project/workflows/deep-dive.yaml","efa8d70a594b7580f5312340f93da16f9e106419b1b1d06d2e23d6a30ef963fa"
"yaml","full-scan","bmm","bmm/workflows/document-project/workflows/full-scan.yaml","9d71cce37de1c3f43a7122f3c9705abdf3d677141698a2ab1b89a225f78f3fa9"
"yaml","sprint-status-template","bmm","bmm/workflows/4-implementation/sprint-planning/sprint-status-template.yaml","0d7fe922f21d4f00e538c265ff90e470c3e2eca761e663d84b7a1320b2f25980"
"yaml","team-fullstack","bmm","bmm/teams/team-fullstack.yaml","da8346b10dfad8e1164a11abeb3b0a84a1d8b5f04e01e8490a44ffca477a1b96"
"yaml","workflow","bmm","bmm/workflows/4-implementation/code-review/workflow.yaml","4d84f410d441e4c84cb58425e7fa0bf5216014a8272cca0da5102ffa45cfd76f"
"yaml","workflow","bmm","bmm/workflows/4-implementation/correct-course/workflow.yaml","1ac60df30f0962b7b923ed00ae77b11d7cc96e475c38e5d82da521ca32dda3f6"
"yaml","workflow","bmm","bmm/workflows/4-implementation/create-story/workflow.yaml","886c479403830bebf107b2011406b4019dbab2769b7a14987618541ef981d439"
"yaml","workflow","bmm","bmm/workflows/4-implementation/dev-story/workflow.yaml","6c819ead6d1b4bffc78d598db893c241d2dee9e41d0b5e58e3465f63baa613fd"
"yaml","workflow","bmm","bmm/workflows/4-implementation/retrospective/workflow.yaml","f69e64b620b6e172f2c5ad6ba654c4e66d7f2c6aba46f405b9ee75e68c822ed2"
"yaml","workflow","bmm","bmm/workflows/4-implementation/sprint-planning/workflow.yaml","e5a8e51cace022db18919ca819ea1c07b60a49369e24b93bd232e9a2efbf9a8f"
"yaml","workflow","bmm","bmm/workflows/4-implementation/sprint-status/workflow.yaml","375fe24859ed074a7d52a134b6c2473bdbaabb78381a193dccc7568c6dbaa680"
"yaml","workflow","bmm","bmm/workflows/document-project/workflow.yaml","5c61d95164a4b47189f7f4415bea38590458751ffab755eca5ed0ac0b30232a1"
"yaml","workflow","bmm","bmm/workflows/qa-generate-e2e-tests/workflow.yaml","150a6de81d3c0045aa5ba4c9da550f5f01f915384a2ec1c38166de86e00bd1b9"
"csv","brain-methods","core","core/workflows/brainstorming/brain-methods.csv","0ab5878b1dbc9e3fa98cb72abfc3920a586b9e2b42609211bb0516eefd542039"
"csv","methods","core","core/workflows/advanced-elicitation/methods.csv","e08b2e22fec700274982e37be608d6c3d1d4d0c04fa0bae05aa9dba2454e6141"
"csv","module-help","core","core/module-help.csv","d1d23ce883979c145ef90d95b0fac7fdd7fca1684034546000758c9237afaefb"
"md","help","core","core/tasks/help.md","f0037b3bcbce77706ccea3d960cd437fe9eb4ed94236105746f5281a90e7a533"
"md","step-01-agent-loading","core","core/workflows/party-mode/steps/step-01-agent-loading.md","04ab6b6247564f7edcd5c503f5ca7d27ae688b09bbe2e24345550963a016e9f9"
"md","step-01-session-setup","core","core/workflows/brainstorming/steps/step-01-session-setup.md","a2376d8394fb84e3b5b45c7ecfe00c8f5ae0a0737f547d03108e735e41b99412"
"md","step-01b-continue","core","core/workflows/brainstorming/steps/step-01b-continue.md","bb88e341a25e5e33d533046470a6a4e828ff427066f49bf29ccd22c507c7f726"
"md","step-02-discussion-orchestration","core","core/workflows/party-mode/steps/step-02-discussion-orchestration.md","a8a79890bd03237e20f1293045ecf06f9a62bc590f5c2d4f88e250cee40abb0b"
"md","step-02a-user-selected","core","core/workflows/brainstorming/steps/step-02a-user-selected.md","558b162466745b92687a5d6e218f243a98436dd177b2d5544846c5ff4497cc94"
"md","step-02b-ai-recommended","core","core/workflows/brainstorming/steps/step-02b-ai-recommended.md","99aa935279889f278dcb2a61ba191600a18e9db356dd8ce62f0048d3c37c9531"
"md","step-02c-random-selection","core","core/workflows/brainstorming/steps/step-02c-random-selection.md","f188c260c321c7f026051fefcd267a26ee18ce2a07f64bab7f453c0c3e483316"
"md","step-02d-progressive-flow","core","core/workflows/brainstorming/steps/step-02d-progressive-flow.md","a28c7a3edf34ceb0eea203bf7dc80f39ca04974f6d1ec243f0a088281b2e55de"
"md","step-03-graceful-exit","core","core/workflows/party-mode/steps/step-03-graceful-exit.md","bdecc33004d73238ca05d8fc9d6b86cba89833630956f53ecd82ec3715c5f0da"
"md","step-03-technique-execution","core","core/workflows/brainstorming/steps/step-03-technique-execution.md","61a2baa6499fad1877d6d424060a933760bcfaf14f2fb04828102ad4f204c9b6"
"md","step-04-idea-organization","core","core/workflows/brainstorming/steps/step-04-idea-organization.md","cec7bc5c28248afb3282d7a5fcafed184371462417326dec38b89b157e2cffa6"
"md","template","core","core/workflows/brainstorming/template.md","5c99d76963eb5fc21db96c5a68f39711dca7c6ed30e4f7d22aedee9e8bb964f9"
"md","workflow","core","core/workflows/brainstorming/workflow.md","42735298a1427314506c63bda85a2959e3736b64d8d598cd3cd16bb9781fafa8"
"md","workflow","core","core/workflows/party-mode/workflow.md","7a28f8f174ec5ef4ad3c5719acfa4bfb6ea659415b298ccf94c32a9f3f005a03"
"xml","editorial-review-prose","core","core/tasks/editorial-review-prose.xml","6380b4c2c30005519883363d050035d1e574a6e27e9200a4b244ec79845b13c6"
"xml","editorial-review-structure","core","core/tasks/editorial-review-structure.xml","4d5c60ae0024a9125331829540a6c6129f9e50f2f1fc07265a0e115fc4d52e8c"
"xml","index-docs","core","core/tasks/index-docs.xml","0f81d3c065555d8b930eab7a00e8a288a8f42c67b416f61db396b14753c32840"
"xml","review-adversarial-general","core","core/tasks/review-adversarial-general.xml","fd4d3b5ca0b9254c50ddd9b79868f3637fd6abae14416a93887b059d29474be9"
"xml","review-edge-case-hunter","core","core/tasks/review-edge-case-hunter.xml","c7f74db4af314d7af537d17b4a3a0491c4d163a601b28b2e4cd32c95502993f3"
"xml","shard-doc","core","core/tasks/shard-doc.xml","51689fddea77a37342ce06d4c5723e9d10c6178e9cbcca58ae7c6f30e3b041b2"
"xml","workflow","core","core/tasks/workflow.xml","17bca7fa63bae20aaac4768d81463a7a2de7f80b60d4d9a8f36b70821ba86cfd"
"xml","workflow","core","core/workflows/advanced-elicitation/workflow.xml","590cc3594a3b8c51c2cab3aed266d0c6b3f2a828307e6cf01653e37ac10f259b"
"yaml","config","core","core/config.yaml","01123ac89a92e4542f5c38bef6cd3da4a6b869996d88e25cb8e1f732eb1b5cc8"
"csv","default-party","gds","gds/teams/default-party.csv","57da31f7bfb23375be8cd99a72a860590a7ced97acff975bf5ae9b034f63bb54"
"csv","documentation-requirements","gds","gds/workflows/document-project/documentation-requirements.csv","d1253b99e88250f2130516b56027ed706e643bfec3d99316727a4c6ec65c6c1d"
"csv","game-brain-methods","gds","gds/workflows/1-preproduction/brainstorm-game/game-brain-methods.csv","9dd6c853bcd04038223abf0263c465381dace3c9b13c9eb637f22ce9dc93210e"
"csv","game-types","gds","gds/workflows/2-design/gdd/game-types.csv","a44c04d09432c886a7a5a8112474bd32540d8e84de25b308dca0f96e570651fd"
"csv","module-help","gds","gds/module-help.csv","e8ce6bb6d01697b9c7cc1916fd14e5fb4145b24ad571ebfcbf06a85cf471aaeb"
"csv","pattern-categories","gds","gds/workflows/3-technical/game-architecture/pattern-categories.csv","d9a275931bfed32a65106ce374f2bf8e48ecc9327102a08f53b25818a8c78c04"
"csv","qa-index","gds","gds/gametest/qa-index.csv","daa577ca80b3b51c08a8ed5521e4a25553d7d32a3342dbde40ccaee4a20351eb"
"json","project-scan-report-schema","gds","gds/workflows/document-project/templates/project-scan-report-schema.json","53255f15a10cab801a1d75b4318cdb0095eed08c51b3323b7e6c236ae6b399b7"
"md","action-platformer","gds","gds/workflows/2-design/gdd/game-types/action-platformer.md","f1cbe9e9a52acd01ff120d05ce22fa81b30500933f62a3c6c36642280244057c"
"md","adventure","gds","gds/workflows/2-design/gdd/game-types/adventure.md","06aa57786c2e7ebc7580d501fcdefaabb28933c7b5785d6643bf643f58ae13e7"
"md","architecture-template","gds","gds/workflows/3-technical/game-architecture/templates/architecture-template.md","91655e166f5a2f3f56ae09997107eab15772c1e4d9186397bce0339eca7be32f"
"md","backlog-template","gds","gds/workflows/4-production/code-review/backlog-template.md","84b1381c05012999ff9a8b036b11c8aa2f926db4d840d256b56d2fa5c11f4ef7"
"md","balance-testing","gds","gds/gametest/knowledge/balance-testing.md","01843831d603883219828afbe19784864464277f3bcddb2c104ff05bedbb8053"
"md","card-game","gds","gds/workflows/2-design/gdd/game-types/card-game.md","6b9298ace2607c8e93d64533e6406828053234282e4977e4407faa2e9302fd0a"
"md","certification-testing","gds","gds/gametest/knowledge/certification-testing.md","9e7f57aac247f9c4d384b498f749e2e2376b8706066fb60d3e7b9c27d3ffccab"
"md","checklist","gds","gds/workflows/1-preproduction/game-brief/checklist.md","3516d66cffceb3e5ab23e1ddc9aaed8c0335eb0755e7437488cdebff96162395"
"md","checklist","gds","gds/workflows/2-design/gdd/checklist.md","d733c5d0118d692710fb7af3018239f4fc01c47fe122437db6d8477d697b3fb3"
"md","checklist","gds","gds/workflows/2-design/narrative/checklist.md","9bcfa41212cd74869199dba1a7d9cd5691e2bbc49e6b74b11e51c32955477524"
"md","checklist","gds","gds/workflows/3-technical/game-architecture/checklist.md","289baf9035dd22a4159a78b20afe93bb549d6177f95d261054ded79b4667052e"
"md","checklist","gds","gds/workflows/4-production/code-review/checklist.md","e30d2890ba5c50777bbe04071f754e975a1d7ec168501f321a79169c4201dd28"
"md","checklist","gds","gds/workflows/4-production/correct-course/checklist.md","c948f0f75007ad0761720642180ac741c6737529a191a62ad678555047b1c518"
"md","checklist","gds","gds/workflows/4-production/create-story/checklist.md","5154aa874c6a79285eba644493e87411c6021baff72859490db6e693d15e0bb9"
"md","checklist","gds","gds/workflows/4-production/dev-story/checklist.md","630b68c6824a8785003a65553c1f335222b17be93b1bd80524c23b38bde1d8af"
"md","checklist","gds","gds/workflows/4-production/sprint-planning/checklist.md","80b10aedcf88ab1641b8e5f99c9a400c8fd9014f13ca65befc5c83992e367dd7"
"md","checklist","gds","gds/workflows/document-project/checklist.md","581b0b034c25de17ac3678db2dbafedaeb113de37ddf15a4df6584cf2324a7d7"
"md","checklist","gds","gds/workflows/gametest/automate/checklist.md","b2eefabfba15ccf30a49d46eb0e2b3f9e88304e1c1bbe6febe00d1006d85e155"
"md","checklist","gds","gds/workflows/gametest/e2e-scaffold/checklist.md","0bf93f3994d88ea73024ddb90682a78b7d5d2ac9f39e0db18f372be06f79bff1"
"md","checklist","gds","gds/workflows/gametest/performance/checklist.md","20ab16701d3b0e51b90bcf394f9a74afc40e3db8e04dbdc6fff6f88287639954"
"md","checklist","gds","gds/workflows/gametest/playtest-plan/checklist.md","7d504957f7edb22081f5ae01b6f35db118414c33b4f612b6cd08b5f71645cbf3"
"md","checklist","gds","gds/workflows/gametest/test-design/checklist.md","5346d6af9545fed2f338834d58624b84598e4527cc21718b77bf9166b8a80840"
"md","checklist","gds","gds/workflows/gametest/test-framework/checklist.md","cb4e9255f7386eed2244e77d74a9086980950f3d62927f38f6ee7707676c1a39"
"md","checklist","gds","gds/workflows/gametest/test-review/checklist.md","2444685b29ed742dacfbab77f17cfbc17bd2fd4f91917afb01eb2b9c3f33ffca"
"md","compatibility-testing","gds","gds/gametest/knowledge/compatibility-testing.md","52647005c34e8219084c35536c6bcdec284936cdaf215cd0c6d130804f3823d7"
"md","deep-dive-instructions","gds","gds/workflows/document-project/workflows/deep-dive-instructions.md","8cb3d32d7685e5deff4731c2003d30b4321ef6c29247b3ddbe672c185e022604"
"md","deep-dive-template","gds","gds/workflows/document-project/templates/deep-dive-template.md","6198aa731d87d6a318b5b8d180fc29b9aa53ff0966e02391c17333818e94ffe9"
"md","e2e-testing","gds","gds/gametest/knowledge/e2e-testing.md","e6480e6a6011c21fd68dc4eeb1d00653773c5436c67b7baaaa22ab168fc4aa69"
"md","fighting","gds","gds/workflows/2-design/gdd/game-types/fighting.md","52e5a142aac496ae7154fc0829bfbce1ef22296f0a464cf8e595aa14ca02eb86"
"md","full-scan-instructions","gds","gds/workflows/document-project/workflows/full-scan-instructions.md","6c6e0d77b33f41757eed8ebf436d4def69cd6ce412395b047bf5909f66d876aa"
"md","game-brief-template","gds","gds/workflows/1-preproduction/game-brief/templates/game-brief-template.md","6d5555fae3763e8528898663d51276e0cc7d2d9725a8c74162d8e9732dbc5843"
"md","game-context","gds","gds/workflows/1-preproduction/brainstorm-game/game-context.md","d0f5cb4d6151bb65b799676281ea2af0fe1b5ec227c92ceba655ba363e18a0ba"
"md","gdd-template","gds","gds/workflows/2-design/gdd/templates/gdd-template.md","070ccbb7f491dc1b1d126245c2e4db4a55dbc5a7ee6a6df4be521ca70e3c9ea6"
"md","godot-engine","gds","gds/workflows/3-technical/game-architecture/knowledge/godot-engine.md","d1d02c49d4642eb8b934e9860fad9b15d3905cf6220d54685f94057f5300fea0"
"md","godot-testing","gds","gds/gametest/knowledge/godot-testing.md","17b51e665fe6c0e49d7619710bf5a199b3feb3de2f035aff03075a2e7aadf4ac"
"md","horror","gds","gds/workflows/2-design/gdd/game-types/horror.md","7ff7599d5701bb7a8ef0e14f3ba614626cdd0d8960a8e880fc1cd41c5f508f75"
"md","idle-incremental","gds","gds/workflows/2-design/gdd/game-types/idle-incremental.md","515b52bb301e467c1f096cc55abde47159bb0b0d87157b9fa565973b48601ddf"
"md","index-template","gds","gds/workflows/document-project/templates/index-template.md","42c8a14f53088e4fda82f26a3fe41dc8a89d4bcb7a9659dd696136378b64ee90"
"md","input-testing","gds","gds/gametest/knowledge/input-testing.md","331c6c844db592deac86847e3982b5fad8ebb7ead322ab637093f92152bfe90d"
"md","instructions","gds","gds/workflows/1-preproduction/brainstorm-game/instructions.md","fe4b0c22f052195953ce1245a93d4d39e4587916e3238870b33533ed4a87a230"
"md","instructions","gds","gds/workflows/1-preproduction/game-brief/instructions.md","52c96d0b4cf239e0e9a27eff984d83270e668d72ad2eefa700477fa54f18acc8"
"md","instructions","gds","gds/workflows/3-technical/game-architecture/instructions.md","041d5ef4cca1e55164702e592e1ea885236091f409dfe759c043c4cadfada930"
"md","instructions","gds","gds/workflows/4-production/correct-course/instructions.md","f356ed9e8b869733930d8d3a5434459270099ca5843ecbb05350d46b03c3363c"
"md","instructions","gds","gds/workflows/4-production/retrospective/instructions.md","e579b38c204b946fa4cdd2a02dff701849464fedcbc43437a36ac0ce3310f596"
"md","instructions","gds","gds/workflows/4-production/sprint-planning/instructions.md","5e586d9d98e0c0a7c57de4e8298194efaee372ea64cc5c4f13ec2d7f9ab10a92"
"md","instructions","gds","gds/workflows/4-production/sprint-status/instructions.md","5edac804673943a9e02449afb3860b2b1b61a27cccc98ff876100519160f7116"
"md","instructions","gds","gds/workflows/document-project/instructions.md","f94a2ad09b715f0e6132e3a3d168935f3373fa4314d8f8fe27274a04d9b13684"
"md","instructions","gds","gds/workflows/gametest/automate/instructions.md","fc9f11d0354d5497a27e502130bfb7498faa9d300d2c27d2febc15a2422f27bd"
"md","instructions","gds","gds/workflows/gametest/e2e-scaffold/instructions.md","bf413c36988edbca364d902bc21151944ff85999f0bf3a387ce0742a79ad8015"
"md","instructions","gds","gds/workflows/gametest/performance/instructions.md","a80a721d90554e9035f6b28f74758ed629e06b6ac73e0b589e000c31fa533045"
"md","instructions","gds","gds/workflows/gametest/playtest-plan/instructions.md","321572c884130c42fa8fa2b5c9e9f8f91e32d55c98725966b099cfaa3b76151e"
"md","instructions","gds","gds/workflows/gametest/test-design/instructions.md","3bc5ae4e71f683ec85a152bd9af290256d87b3259ee0e33452909e7512a8a303"
"md","instructions","gds","gds/workflows/gametest/test-framework/instructions.md","27181af5f340b0fbaaf97e574d219969aa297a9398b948c48442ac3d3002dce4"
"md","instructions","gds","gds/workflows/gametest/test-review/instructions.md","121fae69fe2f5acb21bdac941d4258b9bee68300476d242e912b3f9fe0dfaa9e"
"md","instructions-narrative","gds","gds/workflows/2-design/narrative/instructions-narrative.md","a1bd5b1db3f4174ce134f6f930f66d9a955b649c0ab73d8594240c8f533eaa98"
"md","localization-testing","gds","gds/gametest/knowledge/localization-testing.md","6eee5cccfd9a81db853a8aa2327bd5f898276155a0868758a2c76c6e9094d0fe"
"md","metroidvania","gds","gds/workflows/2-design/gdd/game-types/metroidvania.md","2a8c101dda7911d1cd1d9c66d1be86af3725832f5dcc7fab71e95204f45614ea"
"md","moba","gds","gds/workflows/2-design/gdd/game-types/moba.md","92d0ba9f7508a38d5bfeac1651c6aee8a1a58c54659ad3f0e0d1fd678a1ef498"
"md","multiplayer-testing","gds","gds/gametest/knowledge/multiplayer-testing.md","51ac9e47ba1a8ddae7720d301f97596d67d72252d91cd44338fd73353fc5969d"
"md","narrative-template","gds","gds/workflows/2-design/narrative/templates/narrative-template.md","a97e07173c540f85e946eb9c525e1ccad9294ae5f970760f2a9c537b5c0dcd6b"
"md","party-game","gds","gds/workflows/2-design/gdd/game-types/party-game.md","0cc50b3aede0c45c94cdff743cdac2d8ad67421ea80497a29d2300a1744ea703"
"md","performance-template","gds","gds/workflows/gametest/performance/performance-template.md","4bd04e73953f2f3dedff20b9032f99023656f141f21c080e49f15060c64ffa80"
"md","performance-testing","gds","gds/gametest/knowledge/performance-testing.md","b9acfb6f8d20b9f9d2e7b83419298f3053f6fc5dab5cb9005898d133556c09fe"
"md","phaser-engine","gds","gds/workflows/3-technical/game-architecture/knowledge/phaser-engine.md","23536650150ed5f2a794e081fba4669abfb953c8e0be6ac6b000e17d35eebb3d"
"md","playtest-template","gds","gds/workflows/gametest/playtest-plan/playtest-template.md","8fa7654007f4f881f0167cb252b6b9ca63c0735fb9e6ef63a4bc81954b428f47"
"md","playtesting","gds","gds/gametest/knowledge/playtesting.md","bd989a375d3e444da9b892bf0e33ed98c9f9d88f578f260501c3eaf7553d0b3c"
"md","project-context-template","gds","gds/workflows/3-technical/generate-project-context/project-context-template.md","4816f83b0edc8c7e19a57e4a4a6419ca40953fc7dcd48326700f2876e77c60fa"
"md","project-overview-template","gds","gds/workflows/document-project/templates/project-overview-template.md","a7c7325b75a5a678dca391b9b69b1e3409cfbe6da95e70443ed3ace164e287b2"
"md","puzzle","gds","gds/workflows/2-design/gdd/game-types/puzzle.md","f9c08b6f087bfaa41ea08c9dfa78aa034f5ae46b627b9f476bdf8b4f5c3389ed"
"md","qa-automation","gds","gds/gametest/knowledge/qa-automation.md","1de6d14ea9299a2b73a2da33dff6c5b4c1bf5757365a5449968589baaa123cbc"
"md","racing","gds","gds/workflows/2-design/gdd/game-types/racing.md","085ea5d0914d7bc6a233c479d0ad6288a575ad1c8b9a8a85881e779fac0e60fc"
"md","regression-testing","gds","gds/gametest/knowledge/regression-testing.md","bbf85811219194de9df3499277f93427d2cc623384a8f1ac22726067ab6426dd"
"md","rhythm","gds","gds/workflows/2-design/gdd/game-types/rhythm.md","83bbf1761fdc604b8c2b50ed86c5874cce331417e1b3a46c65cb6c4c1a7c8db2"
"md","roguelike","gds","gds/workflows/2-design/gdd/game-types/roguelike.md","fb1ebc838011020a6f740e6fb4f2ceb81be8477f9c67bc7ae3a8e34dfe548f00"
"md","rpg","gds","gds/workflows/2-design/gdd/game-types/rpg.md","5aa57ecefb448a0507ee0c8d503b43bd34d0c612ba130240d1af9842b80cba50"
"md","sandbox","gds","gds/workflows/2-design/gdd/game-types/sandbox.md","836f656bbaae549f31ac574c0865a61de451c08ab8c561db2c93398e147ece85"
"md","save-testing","gds","gds/gametest/knowledge/save-testing.md","b64e42def93f604dcfadd6ed81c8950e1d0eb75d936f1da7de3f727323e76201"
"md","shooter","gds","gds/workflows/2-design/gdd/game-types/shooter.md","2452850295ac2b9fac04ce2d6126bfc19bb7dccbb04c40e7f89c801aecc5555d"
"md","simulation","gds","gds/workflows/2-design/gdd/game-types/simulation.md","fd74a7d21243f8d9827fe6a99263579309bc0aabd9e56261d3dd4eb5cfc75ad5"
"md","smoke-testing","gds","gds/gametest/knowledge/smoke-testing.md","41843100e39f9a2d48316623d979cfdeed5f0977db5241a1a52f1049301dcd6f"
"md","source-tree-template","gds","gds/workflows/document-project/templates/source-tree-template.md","109bc335ebb22f932b37c24cdc777a351264191825444a4d147c9b82a1e2ad7a"
"md","sports","gds","gds/workflows/2-design/gdd/game-types/sports.md","2247ea87dbca74e879f8c686d9e80434618e9e61bd3572739274c1af64cb0bb8"
"md","step-01-discover","gds","gds/workflows/3-technical/generate-project-context/steps/step-01-discover.md","41a123ead9f18cc92b2d3cf021729593f16250f4891887c7416afa519914b61a"
"md","step-01-init","gds","gds/workflows/1-preproduction/brainstorm-game/steps/step-01-init.md","4b1fe3124f00777455335465d279b2bbb601733bb716e80d7849386d44ebbbef"
"md","step-01-init","gds","gds/workflows/1-preproduction/game-brief/steps/step-01-init.md","d953e42b3faa18bd98e8381035bd527f08c02d3b06a712a7ad6f06a36d8cd23d"
"md","step-01-init","gds","gds/workflows/2-design/gdd/steps/step-01-init.md","d36cac85a5a3809d78ce814e1ff27aeee1b7c0d01a7b56fa0d2f313b22940e96"
"md","step-01-init","gds","gds/workflows/2-design/narrative/steps/step-01-init.md","4a93b02e78740fa864c979c14dc1833a9f4e3fee42bfe531488a2f1fe00ce49d"
"md","step-01-init","gds","gds/workflows/3-technical/game-architecture/steps/step-01-init.md","3d8f57c2519e0139515b95303276b6d0b3fe7b6f66fb31d360289a0bcd282fec"
"md","step-01-mode-detection","gds","gds/workflows/gds-quick-flow/quick-dev/steps/step-01-mode-detection.md","559589dab2ef99a511ecdbaf28bb3ec300d499d15849082f431afa25f85ff56c"
"md","step-01-understand","gds","gds/workflows/gds-quick-flow/quick-spec/steps/step-01-understand.md","7e2c7698d7da7bceeddc911ad655a5fa97e244884c9a8f02385580c7f8bedc8b"
"md","step-01b-continue","gds","gds/workflows/1-preproduction/game-brief/steps/step-01b-continue.md","be50cbd1236b561262c1bb4e0a25897c4d0696b48432fd2a3ac8344da8176453"
"md","step-01b-continue","gds","gds/workflows/2-design/gdd/steps/step-01b-continue.md","6f7e482a81d32648d864a7642cb24584e4215d75ec0ceb2f9f117889b148c9e1"
"md","step-01b-continue","gds","gds/workflows/2-design/narrative/steps/step-01b-continue.md","9eede2453110c93304a7f87c635356c50f18e3deb2489b066d95876ee1aa84fc"
"md","step-01b-continue","gds","gds/workflows/3-technical/game-architecture/steps/step-01b-continue.md","141833539a9b85afbd17532dd824656fe9afac4b8a703c94bbc706de67e929cf"
"md","step-02-context","gds","gds/workflows/1-preproduction/brainstorm-game/steps/step-02-context.md","b076cb266277fcc1a52514ca7c73ecf209bd6ee2f55d82c46215d8f363fc64c4"
"md","step-02-context","gds","gds/workflows/2-design/gdd/steps/step-02-context.md","bd7fe4a5a414d8172d1e1508038211f5e77348924ef549935ff2b24213da9cb8"
"md","step-02-context","gds","gds/workflows/3-technical/game-architecture/steps/step-02-context.md","bf3779d8a1556a679a1ee4825e67e061fef3336af5a658b5fe2fb8f2c628634e"
"md","step-02-context-gathering","gds","gds/workflows/gds-quick-flow/quick-dev/steps/step-02-context-gathering.md","42af31bd5e4f6e7e93b88e76900a612ec49df14c8283c7bcd583f8975dadb7c6"
"md","step-02-foundation","gds","gds/workflows/2-design/narrative/steps/step-02-foundation.md","cd1471c20d99a77b8dcd5cd1fc62409e0112a1bf3a46f791fc69cb3e55464ed0"
"md","step-02-generate","gds","gds/workflows/3-technical/generate-project-context/steps/step-02-generate.md","efcb26d55245547bf6746f319cd0057e4ad8aff8dd1b0cfacda31ecaa24fa9d4"
"md","step-02-investigate","gds","gds/workflows/gds-quick-flow/quick-spec/steps/step-02-investigate.md","cbc69e596f11b4dda2c50976f8c025b91f496951e322fbf1d955aae1f4862801"
"md","step-02-vision","gds","gds/workflows/1-preproduction/game-brief/steps/step-02-vision.md","b9d7aa0ed6d86d98b8b4105234cd2f9dc769d769e99e6f34b80d4b061c69838d"
"md","step-03-complete","gds","gds/workflows/3-technical/generate-project-context/steps/step-03-complete.md","30e45e59228a887210e5791bc9f87e29d459579c423db761d72acd9f154c91d8"
"md","step-03-execute","gds","gds/workflows/gds-quick-flow/quick-dev/steps/step-03-execute.md","9d450a2cc7ab47a5c707f58c8141d1200fa823b4ed96e4a69a3044107c3168ed"
"md","step-03-generate","gds","gds/workflows/gds-quick-flow/quick-spec/steps/step-03-generate.md","682a67521e81e9e795cca327b8119cc69f33ffbc2c46e64f487e00aaa192d743"
"md","step-03-ideation","gds","gds/workflows/1-preproduction/brainstorm-game/steps/step-03-ideation.md","d8d8e89fe136139e93fa0fd84428a28f1395786968565413fc2ff84ab7e9b6db"
"md","step-03-market","gds","gds/workflows/1-preproduction/game-brief/steps/step-03-market.md","ea503838c74920f0b3441d8ea0711fda889774063dd6d76bca74769080c34c10"
"md","step-03-platforms","gds","gds/workflows/2-design/gdd/steps/step-03-platforms.md","7fd1cdb0f12f79c87325ad5c5a7cc36f9239ae59eb821643b0c7fddde6123d3e"
"md","step-03-starter","gds","gds/workflows/3-technical/game-architecture/steps/step-03-starter.md","9471a20b83ffc68c4f1091cb5b1897798b78ef0aaa78be85f51e07de80667655"
"md","step-03-story","gds","gds/workflows/2-design/narrative/steps/step-03-story.md","ebc473bb53ca9aa16cca73f47b1227c2e420816ab64ebc746486005ebbff78ce"
"md","step-04-characters","gds","gds/workflows/2-design/narrative/steps/step-04-characters.md","69c24a44fe5bc7adca75da5c4117e41e50761da5f75aed1a2e5d72b51a43153a"
"md","step-04-complete","gds","gds/workflows/1-preproduction/brainstorm-game/steps/step-04-complete.md","5014fe583858fa71e8b95efd30aa473579060f13258b42ee83fcce9402afb7ce"
"md","step-04-decisions","gds","gds/workflows/3-technical/game-architecture/steps/step-04-decisions.md","e2df44826d1051bb960a6e0079998e2e650f2f7dae908d09351f81cd004fec9d"
"md","step-04-fundamentals","gds","gds/workflows/1-preproduction/game-brief/steps/step-04-fundamentals.md","b6e8f60002b5f82b14d24fc932fcf3925337e6715bfe99e6dd067f3fd9b3febe"
"md","step-04-review","gds","gds/workflows/gds-quick-flow/quick-spec/steps/step-04-review.md","932b6f72cc250758501aca154c12e64d0ea0eb9fb4df139042595b812798afb5"
"md","step-04-self-check","gds","gds/workflows/gds-quick-flow/quick-dev/steps/step-04-self-check.md","885162d6f1f10c8ff0a46d75f194e4355c7f14fec034b7a35ebe291162fdd1e7"
"md","step-04-vision","gds","gds/workflows/2-design/gdd/steps/step-04-vision.md","67641531a4d23d8df89a8a82506f54577fc8034a8f168fa687cc2fbf25397993"
"md","step-05-adversarial-review","gds","gds/workflows/gds-quick-flow/quick-dev/steps/step-05-adversarial-review.md","2b5cf130349aba39f3257a4d7bf0ba83be3aebc55666cdfad4681b4371314a4d"
"md","step-05-core-gameplay","gds","gds/workflows/2-design/gdd/steps/step-05-core-gameplay.md","2f66dcc808ad355718ab63fd8a7358d3c6bb969f7f3f40f7c8ac18524b864d2e"
"md","step-05-crosscutting","gds","gds/workflows/3-technical/game-architecture/steps/step-05-crosscutting.md","0daedd13e4423d14ce5c885c84e27dc9011d5247fda1d5f962eee7849db6303f"
"md","step-05-scope","gds","gds/workflows/1-preproduction/game-brief/steps/step-05-scope.md","2b4f9a952861cb41a00f4d503525cda27783da8db8ac9db77706afe3e5c0ae78"
"md","step-05-world","gds","gds/workflows/2-design/narrative/steps/step-05-world.md","09acfae45b7f5507e294c518ce9365e1462a76cd5687e622bd94aca6dc3c5b44"
"md","step-06-dialogue","gds","gds/workflows/2-design/narrative/steps/step-06-dialogue.md","57a73c46ac06f0606fcd41b7a98551b44e76a1cfbdea31a4722118b4a576f00b"
"md","step-06-mechanics","gds","gds/workflows/2-design/gdd/steps/step-06-mechanics.md","a389c23ae6d4e72b08f0b36431ba598340a6209fb13bea49ff5b749129bd5cad"
"md","step-06-references","gds","gds/workflows/1-preproduction/game-brief/steps/step-06-references.md","930679a2b62f1202a8d3b8b41a5645fe2d04651d752d270b83f727942b0d98b6"
"md","step-06-resolve-findings","gds","gds/workflows/gds-quick-flow/quick-dev/steps/step-06-resolve-findings.md","750c3fa08a26ffd3a34b271121330191dc7217ea78ca652d7feeeaac1b74513c"
"md","step-06-structure","gds","gds/workflows/3-technical/game-architecture/steps/step-06-structure.md","31569164ae9a8a235e59d647eb05503c7808310dc145089ce8e7f1d447eecbf3"
"md","step-07-content","gds","gds/workflows/1-preproduction/game-brief/steps/step-07-content.md","3bc267964fb399d76e8ff534353e6940455eb678e845bd0e59e51c104f4b9936"
"md","step-07-environmental","gds","gds/workflows/2-design/narrative/steps/step-07-environmental.md","fe2cadbaa19de1d6ad9762966e19a81a2dae6e1eab5126c029c260d4b7de4d1a"
"md","step-07-game-type","gds","gds/workflows/2-design/gdd/steps/step-07-game-type.md","0c88613c365b5fb0eb95090c31d0770a747949a82cb48bddd7677146a2f549e8"
"md","step-07-patterns","gds","gds/workflows/3-technical/game-architecture/steps/step-07-patterns.md","fd0d0d39f00fbdd0c25b696e107be244e41aada40417c99f3b19bb91f58ff64f"
"md","step-08-complete","gds","gds/workflows/1-preproduction/game-brief/steps/step-08-complete.md","d7a43059f1eef7ca96fb499c0ae413e4149d6f6b130474f9f7ed5b5e90c2be6c"
"md","step-08-delivery","gds","gds/workflows/2-design/narrative/steps/step-08-delivery.md","bf9212748fc7f2c47a9fbafddc65c86c01b3357785414e0ba26603cd651ef3cb"
"md","step-08-progression","gds","gds/workflows/2-design/gdd/steps/step-08-progression.md","e521e7481c48d878ccf1bfa9e0c69bac902fbba59407f63e301fb49194a26f18"
"md","step-08-validation","gds","gds/workflows/3-technical/game-architecture/steps/step-08-validation.md","dd09a6cf450caaf432c6839fa6e1cabe503a04e7789c7f2152196dabaf3bb0a0"
"md","step-09-complete","gds","gds/workflows/3-technical/game-architecture/steps/step-09-complete.md","cfeb0ef94f8fc0ff0b74ed1aaa1e003c3a18fdb01f64e83af6173f70cd3c0ba8"
"md","step-09-integration","gds","gds/workflows/2-design/narrative/steps/step-09-integration.md","a494f4a0298ef5b90be47773123dc55c8f0876e15a68b82b6b0edc0630411700"
"md","step-09-levels","gds","gds/workflows/2-design/gdd/steps/step-09-levels.md","c5a63d5b2f6e5145c047e98b260d5f9ec90c3eb1a1ae9b14972f4201597f9e06"
"md","step-10-art-audio","gds","gds/workflows/2-design/gdd/steps/step-10-art-audio.md","d5decafe7277da1321e1aefaaca0774938ad3ebbbca3cc4de85ac46e6bd3b23c"
"md","step-10-production","gds","gds/workflows/2-design/narrative/steps/step-10-production.md","b52a855de7fd571f8b52b59ebb3f83530a6e44e201cd9d5286531be53c85fc63"
"md","step-11-complete","gds","gds/workflows/2-design/narrative/steps/step-11-complete.md","468833f1600780bf402dad1fc267ebe824dd7fe44bc33fb478f65d1f6564f925"
"md","step-11-technical","gds","gds/workflows/2-design/gdd/steps/step-11-technical.md","e4e702adeb5cb0c7b1bbf4ad1dc8dc09e611fc20aa8fbd165b8eefdeb9592c09"
"md","step-12-epics","gds","gds/workflows/2-design/gdd/steps/step-12-epics.md","656bbaf0ad80c3e88424e8ebf143047d705e7f3f3ad21873b1a51f57e873120d"
"md","step-13-metrics","gds","gds/workflows/2-design/gdd/steps/step-13-metrics.md","7ef841a20b3ad5e285322c291fbfb2a681d111bcdda5d8d032f6cae2d621b3f9"
"md","step-14-complete","gds","gds/workflows/2-design/gdd/steps/step-14-complete.md","b504cd39b5e2b89ed051421bd84a1a34e2a75573857fcad191796c0afffc6a5c"
"md","strategy","gds","gds/workflows/2-design/gdd/game-types/strategy.md","997380919f6c1b408906c364f74e728b9c6b45bf2960d1f0bfe8b0def594735e"
"md","survival","gds","gds/workflows/2-design/gdd/game-types/survival.md","3647795ee0073a85217633412a41a938e51a553776acbe9ac953fb403e3437f9"
"md","tech-spec-template","gds","gds/workflows/gds-quick-flow/quick-spec/tech-spec-template.md","6e0ac4991508fec75d33bbe36197e1576d7b2a1ea7ceba656d616e7d7dadcf03"
"md","template","gds","gds/workflows/4-production/create-story/template.md","29ba697368d77e88e88d0e7ac78caf7a78785a7dcfc291082aa96a62948afb67"
"md","test-design-template","gds","gds/workflows/gametest/test-design/test-design-template.md","3e1811023e6bf76ac1157903999380041fddffdddadfea18ec5872242d1d5eb1"
"md","test-priorities","gds","gds/gametest/knowledge/test-priorities.md","bf1c726cfcbd44511a97820e1c4d4de1f4b2579ca97cd216f91b91fbeb72e04a"
"md","test-review-template","gds","gds/workflows/gametest/test-review/test-review-template.md","62f64abc9e42f3014f65b7a663477ea2ae84eea7da423508761535da67d9ad0f"
"md","text-based","gds","gds/workflows/2-design/gdd/game-types/text-based.md","5895ca65dc93f676bb33b754f2c6be85d5d9b651df87d8431d404dc9bb736ee7"
"md","tower-defense","gds","gds/workflows/2-design/gdd/game-types/tower-defense.md","03a2cc577fdd1a183ba04409b01b22f2f38713d28f1278481b0f221858f97ec8"
"md","turn-based-tactics","gds","gds/workflows/2-design/gdd/game-types/turn-based-tactics.md","30a150d8a0ab746f0c67d414be79e7e421fff1b8b7a1b716e64800df72bdb6c2"
"md","unity-engine","gds","gds/workflows/3-technical/game-architecture/knowledge/unity-engine.md","7246db2a0b267d9c34b94b6869ee43bb67ef24728d96ffa0907a158bdc5852cb"
"md","unity-testing","gds","gds/gametest/knowledge/unity-testing.md","17b84ad2c6b651cad40edf697991be60b86aa80d3c98666c08b71e8908474492"
"md","unreal-engine","gds","gds/workflows/3-technical/game-architecture/knowledge/unreal-engine.md","25c737e132f37d736ec17ac531712795c1a9197dabd7a26084de8117e226590a"
"md","unreal-testing","gds","gds/gametest/knowledge/unreal-testing.md","0ca53c31bd4c65dac328488433b49b7673e25f47e9945d9abfa9644c43bf2572"
"md","visual-novel","gds","gds/workflows/2-design/gdd/game-types/visual-novel.md","2d98f4c682f0abbd6330ac1bad04600c596e6b27302adbe9510fc0c0bf53052c"
"md","workflow","gds","gds/workflows/1-preproduction/brainstorm-game/workflow.md","0cee2a5de70aad957486b692430c37ebc7de9f66a5f548842cb32d0d0c6fd47b"
"md","workflow","gds","gds/workflows/1-preproduction/game-brief/workflow.md","0134c0ed49926208aa26f219eec263c1a88f2628a44f39b25fefc4ae4c223cc8"
"md","workflow","gds","gds/workflows/2-design/gdd/workflow.md","46e310e6ca72f28a9dc4667997d3ba28353e1eb6f00f183376bcdb0b3b92e7ff"
"md","workflow","gds","gds/workflows/2-design/narrative/workflow.md","15f0ca50dcbc7ad12e8ec9341f1e35222b035da437bb85ffdedcfc9a7aa3e2e0"
"md","workflow","gds","gds/workflows/3-technical/game-architecture/workflow.md","7b37e6faae0087d6e009b9a9b5db6237393f89b1c6928f64c7fac40b41b18d6f"
"md","workflow","gds","gds/workflows/3-technical/generate-project-context/workflow.md","a3795131fd3bb21c74affb5d9d63865772c346585027cbeb6c49e2aafaaf7e63"
"md","workflow","gds","gds/workflows/gds-quick-flow/quick-dev/workflow.md","f128d1c03b4899bb85bff5ffaa862ffa9b6bba2c0ef71f98cb45c234c6851801"
"md","workflow","gds","gds/workflows/gds-quick-flow/quick-spec/workflow.md","b5948c98313798ad1709c00550cabd1aa7a05ab2b5e74d5b6d26cc707a1d7cca"
"xml","instructions","gds","gds/workflows/4-production/code-review/instructions.xml","5d6606c85b521f02a3281cb10b890fd526c4df98b5216d598e771aca30c67038"
"xml","instructions","gds","gds/workflows/4-production/create-story/instructions.xml","46c2189f0dd4dd6c0f3ef14fe64515ccef2187d04c2d1b776dd459024dca1a1d"
"xml","instructions","gds","gds/workflows/4-production/dev-story/instructions.xml","b8121903cd3c7b1a6be63997274d5079e9d1b23a421e5aeeddabe1cfe9e011f5"
"yaml","architecture-patterns","gds","gds/workflows/3-technical/game-architecture/architecture-patterns.yaml","3beef746fa0378022a3b98363a6a42a01a6268ecade801215a0bd331ed02a1d3"
"yaml","config","gds","gds/config.yaml","ecfce58a47cb58be00070a6e6fa7beee4548f0bdb0932a4174a1ab6739880fa6"
"yaml","decision-catalog","gds","gds/workflows/3-technical/game-architecture/decision-catalog.yaml","9b11cc159e4e74e7c3c9782bc3772ca7fc9192afee712c4eed0938994bbc3412"
"yaml","deep-dive","gds","gds/workflows/document-project/workflows/deep-dive.yaml","a4f2b073001670580e6993431f2c77761b0548ebe706b512d62cb25f69ac8780"
"yaml","engine-mcps","gds","gds/workflows/3-technical/game-architecture/engine-mcps.yaml","5a2388ec24cb3eaf94273dd31ff98792aa02659cdaa1e9800af7e507e1cd6e77"
"yaml","full-scan","gds","gds/workflows/document-project/workflows/full-scan.yaml","613724d834d5e40bc6915154b9197637f4b509607399989f1dde96ef4610dad1"
"yaml","sprint-status-template","gds","gds/workflows/4-production/sprint-planning/sprint-status-template.yaml","0d7fe922f21d4f00e538c265ff90e470c3e2eca761e663d84b7a1320b2f25980"
"yaml","team-gamedev","gds","gds/teams/team-gamedev.yaml","f362ed346e2339a9f07456c3d4cc20431b74c96330c02af902e0324a9fa4ff0d"
"yaml","workflow","gds","gds/workflows/1-preproduction/brainstorm-game/workflow.yaml","1e9a3365bc1895a51ef2a421d83e6f31b0ecf547e561f02beb68ae232f4ff909"
"yaml","workflow","gds","gds/workflows/1-preproduction/game-brief/workflow.yaml","af81a60b9824edd69dd0246403021dcd8525d6d43d75bc7aaae80cca58d986e2"
"yaml","workflow","gds","gds/workflows/2-design/gdd/workflow.yaml","3f78a95c53130b5216907e5e41079955a9289617daf5a8ff2b29cc0eea926df5"
"yaml","workflow","gds","gds/workflows/2-design/narrative/workflow.yaml","f7d301682beb42fccfd227c222384d6d98992bc82c5144acc8b0185aa0258ccd"
"yaml","workflow","gds","gds/workflows/3-technical/game-architecture/workflow.yaml","85b3607b060f20757cca53ffc969fd50936b98805c7add1c9e13e53db324b806"
"yaml","workflow","gds","gds/workflows/4-production/code-review/workflow.yaml","b767d1284a77b563c3f5bdf5888fe8d310b0575f4a5a6869c4a516489983dc3f"
"yaml","workflow","gds","gds/workflows/4-production/correct-course/workflow.yaml","1095fd8f3bc30a568fe17002100ed837b9ba7b651262629e3540f8f631ae0f98"
"yaml","workflow","gds","gds/workflows/4-production/create-story/workflow.yaml","37521e508932c9ec26309a7316091f576e6bfa8f95e5e42a83e5b6534f45a8f1"
"yaml","workflow","gds","gds/workflows/4-production/dev-story/workflow.yaml","8ee36b7ce42360b18ae2e43d36abfe7c62d92d1981d0616eef0de5e40a299bd9"
"yaml","workflow","gds","gds/workflows/4-production/retrospective/workflow.yaml","d525c3ce169031c027dc086408124150b78dd36a3a74c9ae2458146f77015c01"
"yaml","workflow","gds","gds/workflows/4-production/sprint-planning/workflow.yaml","933d2419f53b71934f5394a572e38ff3cc67c917851bd437607e19c68d653cbf"
"yaml","workflow","gds","gds/workflows/4-production/sprint-status/workflow.yaml","ff0b25245e1d306cc65b2c80af6cc1ab3f2f51885ee33af1bddbd37361f8002f"
"yaml","workflow","gds","gds/workflows/document-project/workflow.yaml","1c56113564237db3c6d1074f0f2742a1a5620b4e7baf4baec1eac3ca1aa85180"
"yaml","workflow","gds","gds/workflows/gametest/automate/workflow.yaml","440dd756d35af017db95c7a50f044393cec909a39e974445a5dc29a76578bb4c"
"yaml","workflow","gds","gds/workflows/gametest/e2e-scaffold/workflow.yaml","4f6cbcf12001a9ae224c0476b6af50e4db0940f35301850a3b3b2809552989b0"
"yaml","workflow","gds","gds/workflows/gametest/performance/workflow.yaml","85a09fb8ab03e1985a5c835b3c3c54110bf0ef3e651476bd7ea8033065115de6"
"yaml","workflow","gds","gds/workflows/gametest/playtest-plan/workflow.yaml","4eb980254f45b96da8afa1613b9f5ab801b1dc41191830e0261193b1f43ebcc5"
"yaml","workflow","gds","gds/workflows/gametest/test-design/workflow.yaml","172871c7da6dddec4bf75bcbff92ace5999bfa511f1b41187344dfe822e7a6c4"
"yaml","workflow","gds","gds/workflows/gametest/test-framework/workflow.yaml","d196f029327467cb4a0d9f8f0f3981b6b386cd1441d45001fefccae9a5df014c"
"yaml","workflow","gds","gds/workflows/gametest/test-review/workflow.yaml","33d66a2ca8cef771f7a3316999726de9793972adab7cfb8c83ec955513478039"
